Datetime,Volume,Open,High,Low,Close,SMA5,SMA10,BBANDS+σ,BBANDS-σ,Rate
2020-11-11 14:00,3311,76.848,76.922,76.833,76.896,99.86943404078237,99.76552746566789,100.05798662486716,99.47306830646863,62.46096189881561
2020-11-11 15:00,3803,76.898,76.946,76.869,76.921,99.9131576552567,99.77197384329376,100.09133444488651,99.45261324170099,29.909750578702106
2020-11-11 16:00,6653,76.918,77.101,76.859,76.865,100.01353021531256,99.86612892734014,100.19558417937024,99.53667367531003,-68.90454770016314
2020-11-11 17:00,10284,76.868,76.988,76.812,76.978,99.90049104939074,99.75850242926548,100.11744242730416,99.39956243122681,143.1024613623347
2020-11-11 18:00,8850,76.978,77.008,76.912,76.958,99.95530029366668,99.82444969983625,100.18144936744639,99.4674500322261,-25.981449245233737
2020-11-11 19:00,5619,76.959,76.973,76.866,76.916,100.01508138748767,99.92927349316135,100.18406827964488,99.67447870667782,-55.873906885492744
2020-11-11 20:00,5295,76.916,76.966,76.760,76.76,100.176393955185,100.1495570609692,100.33384993595425,99.96526418598415,-202.81865931664635
2020-11-11 21:00,7574,76.76,76.768,76.650,76.718,100.19291430954927,100.19904064235247,100.40271353268358,99.99536775202135,-54.7159979155831
2020-11-11 22:00,7320,76.718,76.824,76.666,76.794,100.04583691434227,100.09284579524437,100.30460863467682,99.88108295581192,99.06410490366459
2020-11-11 23:00,8945,76.792,76.812,76.689,76.691,100.11057360055287,100.20693432084596,100.45940786007972,99.95446078161217,-131.5241170955296
2020-11-12 00:00,10149,76.691,76.802,76.662,76.728,100.01329371285581,100.13671671358561,100.40199090099453,99.8714425261767,48.245556844990844
2020-11-12 01:00,5412,76.73,76.763,76.684,76.712,100.02163937845448,100.13035770153296,100.39885406422704,99.86186133883888,-23.458881793302073
2020-11-12 02:00,3121,76.712,76.809,76.706,76.802,99.92630400249993,100.0048175828754,100.26904329130892,99.74059187444188,117.32193137971036
2020-11-12 03:00,2531,76.802,76.818,76.773,76.799,99.93150952486363,99.985416476777,100.20346381325938,99.76736914029463,-3.9061482773887577
2020-11-12 04:00,3232,76.8,76.834,76.688,76.714,100.04823109210837,100.06439502567976,100.23057585298541,99.89821419837412,-111.97916666666474
2020-11-12 05:00,2962,76.712,76.746,76.678,76.726,100.03206214321092,100.02398144045041,100.12538223194683,99.92258064895401,18.250078214615435
2020-11-12 06:00,2714,76.725,76.790,76.720,76.769,99.99088173611746,99.96912816371189,100.07164970865144,99.86660661877235,57.34767025091059
2020-11-12 07:00,6821,76.73,76.762,76.715,76.722,100.03128177054823,100.03089074841635,100.13279718112497,99.92898431570772,-10.426169685924378
2020-11-12 08:00,3408,76.722,76.790,76.698,76.784,99.94660345905397,99.94881746197123,100.04768016393422,99.84995476000825,80.81124058289909
2020-11-12 09:00,5869,76.784,76.826,76.724,76.766,99.98358648359952,99.98202329156135,100.07004147650001,99.89400510662267,-23.44238382996546
2020-11-12 10:00,7227,76.764,76.791,76.640,76.666,100.0983486812929,100.10434873346723,100.21463922395957,99.99405824297489,-127.66400917096423
2020-11-12 11:00,4153,76.668,76.722,76.626,76.703,100.03285399528052,100.05488703179795,100.16721651519826,99.94255754839763,45.65137997599597
2020-11-12 12:00,4053,76.704,76.718,76.594,76.596,100.13969397879788,100.16776332967777,100.3184592319463,100.01706742740919,-140.8010012515513
2020-11-12 13:00,3548,76.596,76.617,76.486,76.501,100.1900628749951,100.25319930458423,100.47009557479447,100.03630303437399,-124.02736435322844
2020-11-12 14:00,4121,76.502,76.606,76.489,76.508,100.11345218800649,100.21710147958383,100.4772948343845,99.95690812478314,7.842932210922887
2020-11-12 15:00,5654,76.507,76.528,76.302,76.379,100.20738684717006,100.34093140784768,100.68376808705696,99.99809472863838,-167.30495248800779
2020-11-12 16:00,5836,76.379,76.486,76.297,76.371,100.13093975461891,100.29932827905878,100.67957011213666,99.91908644598091,-10.474083190418538
2020-11-12 17:00,6510,76.372,76.537,76.364,76.519,99.9171447614318,100.07880395718706,100.44678900578279,99.71081890859134,192.47891897554808
2020-11-12 18:00,6117,76.52,76.686,76.394,76.658,99.776931305278,99.8808995799525,100.21186121866835,99.54993794123665,180.34500784109414
2020-11-12 19:00,4900,76.659,76.695,76.552,76.568,99.90988402465784,99.97244279594607,100.25531894922091,99.68956664267122,-118.70752292621634
2020-11-12 20:00,3833,76.57,76.630,76.498,76.502,100.02823455595934,100.03725392800187,100.30183263682643,99.77267521917732,-88.80762700796376
2020-11-12 21:00,6382,76.504,76.536,76.344,76.372,100.1987639449013,100.16419630230973,100.4082226580688,99.92016994655066,-172.5399979086126
2020-11-12 22:00,8401,76.37,76.512,76.358,76.492,100.0345134131674,99.99346336871827,100.22149045086137,99.76543628657515,159.74859237920631
2020-11-12 23:00,10983,76.494,76.514,76.316,76.402,100.08533808015498,100.0982958561294,100.33549608082785,99.86109563143093,-120.27087091797887
2020-11-13 00:00,9105,76.402,76.486,76.345,76.36,100.08590885280253,100.13397066526974,100.38611154547314,99.88182978506637,-54.97238292191513
2020-11-13 01:00,6349,76.36,76.450,76.328,76.414,99.99214803570028,100.06778862512103,100.31323923742981,99.82233801281222,70.71765322158465
2020-11-13 02:00,5091,76.414,76.414,76.147,76.217,100.20992691919126,100.30623089337021,100.61503626359163,99.99742552314879,-257.80616117465746
2020-11-13 03:00,5461,76.214,76.219,76.035,76.166,100.1914239949584,100.32704881443162,100.7004405360622,99.95365709280102,-62.980554753722174
2020-11-13 04:00,4868,76.167,76.194,76.030,76.052,100.24956608636198,100.39775416820066,100.80373158807194,99.99177674832941,-150.98402195175717
2020-11-13 05:00,5932,76.052,76.062,75.920,76.014,100.20864577577817,100.37506248848895,100.81374481362244,99.93638016335544,-49.96581286489627
2020-11-13 06:00,2616,76.014,76.044,75.984,76.026,100.09075842474945,100.29660905479705,100.74362829774554,99.84958981184853,15.786565632647218
2020-11-13 07:00,7343,76.024,76.063,75.975,76.0,100.06789473684215,100.28197368421053,100.75539473685235,99.80855263156869,-31.568978217406222
2020-11-13 08:00,4430,75.999,76.125,75.966,76.09,99.92955710343018,100.11052700749113,100.52262903081413,99.69842498416811,119.73841761076882
2020-11-13 09:00,6408,76.092,76.113,75.856,75.866,100.17557272032269,100.3354598898057,100.76059635307364,99.91032342653776,-297.00888398254625
2020-11-13 10:00,6614,75.865,75.994,75.798,75.822,100.18306032549921,100.32272955079,100.75039454457149,99.89506455700851,-56.67962828707858
2020-11-13 11:00,4870,75.821,75.848,75.760,75.832,100.11868340542253,100.23275134507861,100.5699505592082,99.89555213094901,14.5078540246049
2020-11-13 12:00,3266,75.832,75.860,75.797,75.8,100.1081794195251,100.22005277044855,100.53894699684022,99.90115854405687,-42.198544150222176
2020-11-13 13:00,3412,75.8,75.904,75.782,75.852,99.9767969203185,100.10995095712703,100.38613006162818,99.83377185262586,68.60158311346531
2020-11-13 14:00,3381,75.853,75.878,75.810,75.85,99.9752142386289,100.08595912986158,100.3487521063078,99.82316615341534,-3.9550182590011125
2020-11-13 15:00,3636,75.852,76.011,75.848,75.989,99.8362920949085,99.89959073023726,100.15605776670895,99.64312369376557,180.61488161155995
2020-11-13 16:00,4673,75.988,76.120,75.918,76.116,99.74433758999425,99.74473172526145,100.03571176821866,99.45375168230424,168.4476496288889
2020-11-13 17:00,5599,76.117,76.136,76.014,76.066,99.87984119054506,99.81897299713407,100.12660294331816,99.51134305094999,-67.0021151648146
2020-11-13 18:00,4986,76.064,76.172,75.981,76.152,99.84583464649648,99.7143870154428,100.0470115258139,99.38176250507169,115.6920488010203
2020-11-13 19:00,4543,76.152,76.306,76.152,76.263,99.80881947995755,99.62131046510105,100.03418750718254,99.20843342301954,145.76110936023244
2020-11-13 20:00,3844,76.264,76.272,76.074,76.086,100.0665036931893,99.88775858896513,100.28660235100008,99.48891482693017,-233.39976922269653
2020-11-13 21:00,4808,76.087,76.092,75.986,75.99,100.15975786287675,100.03474141334388,100.40640840041671,99.66307442627105,-127.48564143678736
2020-11-13 22:00,7764,75.991,76.055,75.892,75.982,100.14819299307733,100.0692269221658,100.3920967739509,99.7463570703807,-11.843507783816953
2020-11-13 23:00,6849,75.982,76.007,75.932,75.954,100.13297522184483,100.11954604102485,100.41107001331748,99.82802206873221,-36.85083309205575
2020-11-14 00:00,9235,75.955,76.006,75.796,75.834,100.17828414695258,100.2758657066751,100.57545121676878,99.97628019658143,-159.30485155683644
2020-11-14 01:00,5318,75.835,75.921,75.819,75.898,100.04426994123693,100.17931961316503,100.4981064129705,99.86053281335955,83.07509725061303
2020-11-14 02:00,3225,75.898,76.047,75.898,76.046,99.86429266496593,99.97514662178155,100.28554850407816,99.66474473948493,194.99855068646124
2020-11-14 03:00,2999,76.046,76.082,76.008,76.022,99.90634290073923,100.00092078608824,100.30954168200996,99.69229989016655,-31.559845356758945
2020-11-14 04:00,3145,76.022,76.030,75.978,76.002,99.94526459830004,100.00749980263677,100.29465539314597,99.7203442121276,-26.308173949659615
2020-11-14 05:00,2836,76.002,76.100,76.002,76.096,99.89066442388561,99.86201640033642,100.06373592383775,99.66029687683506,123.68095576433292
2020-11-14 06:00,1703,76.094,76.094,76.024,76.078,99.96161833907303,99.88459212913061,100.0838391026976,99.68534515556361,-21.02662496384884
2020-11-16 07:00,4013,76.145,76.160,76.020,76.052,99.9973702203755,99.9268921264398,100.1320796599888,99.72170459289076,-122.1353995666023
2020-11-16 08:00,7177,76.053,76.372,76.046,76.307,99.73790084789074,99.63555112899208,99.95287614306993,99.31822611491424,333.9776208696631
2020-11-16 09:00,7276,76.306,76.368,76.224,76.303,99.82202534631665,99.68651298114098,100.06081312778127,99.31221283450068,-3.9315388042881474
2020-11-16 10:00,5866,76.302,76.340,76.210,76.244,99.93809348932373,99.81742825664972,100.15618705125877,99.47866946204068,-76.01373489555573
2020-11-16 11:00,4274,76.243,76.277,76.197,76.254,99.97114905447583,99.85102420856612,100.15417921397211,99.5478692031601,14.427554004970805
2020-11-16 12:00,4101,76.256,76.292,76.167,76.176,100.10607015332911,99.97033186305399,100.26300421673844,99.67765950936952,-104.90977759126928
2020-11-16 13:00,2079,76.176,76.216,76.150,76.214,100.03175269635499,99.94567927152495,100.21710524756419,99.6742532954857,49.88447805082534
2020-11-16 14:00,2746,76.215,76.251,76.150,76.192,100.03149937001258,99.99947501049982,100.22626257528002,99.77268744571963,-30.17778652497585
2020-11-16 15:00,3440,76.192,76.210,76.133,76.176,100.03465658475108,100.03098088636844,100.24283180081683,99.81912997192003,-20.999580008388193
2020-11-16 16:00,3634,76.176,76.194,76.093,76.175,100.0152280932064,100.04502789629146,100.23065532956113,99.85940046302177,-1.3127494223965224
2020-11-16 17:00,5783,76.174,76.300,76.147,76.168,100.02231908412978,100.0694517382628,100.20231411692934,99.93658935959625,-7.876703337096945
2020-11-16 18:00,5315,76.168,76.220,76.110,76.2,99.97664041994749,100.01338582677167,100.12312599300297,99.90364566054038,42.012393656123926
2020-11-16 19:00,5626,76.198,76.294,76.142,76.247,99.92943984681362,99.94439125473791,100.02696706174245,99.86181544773336,64.3061497677191
2020-11-16 20:00,10009,76.246,76.775,76.236,76.614,99.56509254183304,99.51392695851935,99.84647128332969,99.181382633709,482.6482700731963
2020-11-16 21:00,14402,76.615,76.688,76.485,76.58,99.71506920867064,99.600679028467,100.02663360495406,99.17472445197993,-45.68296025582012
2020-11-16 22:00,8757,76.578,76.618,76.442,76.504,99.90196591027916,99.74249712433338,100.19410021477594,99.29089403389082,-96.6334978714488
2020-11-16 23:00,8222,76.506,76.551,76.230,76.302,100.19317973316555,100.01808602657863,100.46369735100849,99.57247470214874,-266.64575327424456
2020-11-17 00:00,7251,76.301,76.592,76.285,76.572,99.924776680771,99.7150394400042,100.18583017739047,99.24424870261794,355.17227821391697
2020-11-17 01:00,4518,76.574,76.626,76.516,76.554,99.93259659847946,99.78786216265644,100.25452584656833,99.32119847874453,-26.11852587039468
2020-11-17 02:00,2231,76.554,76.558,76.474,76.5,99.98222222222219,99.90078431372552,100.33302024904447,99.46854837840658,-70.53844345168383
2020-11-17 03:00,2485,76.498,76.498,76.406,76.448,100.03557974047715,100.00536312264549,100.37579188594015,99.63493435935082,-65.36118591337205
2020-11-17 04:00,2102,76.45,76.510,76.418,76.49,100.02980781801539,99.98836449209048,100.28643911710003,99.69028986708095,52.321778940473564
2020-11-17 05:00,2260,76.49,76.540,76.456,76.539,99.95714603012836,99.9625027763624,100.18109489090892,99.74391066181587,64.0606615243909
2020-11-17 06:00,1721,76.539,76.572,76.514,76.552,99.93964886613014,99.93742815341207,100.14077681323663,99.73407949358753,16.984805132031028
2020-11-17 07:00,7110,76.554,76.572,76.468,76.489,100.01908771195853,100.00784426518847,100.20037974390803,99.81530878646893,-84.90738563627993
2020-11-17 08:00,3159,76.49,76.550,76.477,76.516,100.0015682994406,99.97412305922946,100.16720302121267,99.78104309724624,33.99137142111447
2020-11-17 09:00,4577,76.517,76.564,76.462,76.53,99.99372794982355,99.98562655167909,100.07911014516453,99.89214295819363,16.98968856594643
2020-11-17 10:00,4474,76.528,76.558,76.425,76.474,100.04995161754317,100.04602871564192,100.13297054377578,99.95908688750805,-70.56240853021384
2020-11-17 11:00,3614,76.474,76.530,76.451,76.486,100.01699657453646,100.02144183249221,100.10041053268601,99.94247313229845,15.691607605199748
2020-11-17 12:00,2319,76.486,76.535,76.486,76.52,99.98065865133296,99.97961317302668,100.05968104571343,99.8995453003399,44.45257955703242
2020-11-17 13:00,1839,76.518,76.562,76.497,76.504,99.99843145456441,100.00784272717769,100.0712886180717,99.94439683628367,-18.296348571572434
2020-11-17 14:00,2553,76.504,76.514,76.448,76.482,100.0146439685154,100.03556392353758,100.10103076612897,99.97009708094618,-28.75666631810829
2020-11-17 15:00,2798,76.484,76.510,76.425,76.49,100.0083671068113,100.01869525428164,100.0800610320552,99.95732947650806,7.8447779927831025
2020-11-17 16:00,3627,76.493,76.506,76.279,76.31,100.1981391691783,100.22290656532566,100.3782456770532,100.06756745359813,-239.2375772946449
2020-11-17 17:00,6630,76.312,76.397,76.269,76.38,100.0696517412935,100.11678449855985,100.29024139390475,99.94332760321495,89.10787294265363
2020-11-17 18:00,5193,76.38,76.526,76.372,76.432,99.9827297467029,100.03768055264813,100.20800694726655,99.86735415802971,68.08064938466444
2020-11-17 19:00,4389,76.431,76.474,76.339,76.469,99.93095241208853,99.98129961160737,100.14098302907541,99.82161619413932,49.718046342448346
2020-11-17 20:00,3985,76.467,76.474,76.331,76.352,100.04793587594295,100.1185299664711,100.29611705995049,99.94094287299171,-150.39167222461307
2020-11-17 21:00,4465,76.351,76.358,76.217,76.28,100.13450445726268,100.18602517042478,100.3994063918159,99.97264394903365,-92.99157836832256
2020-11-17 22:00,7376,76.278,76.314,76.072,76.142,100.25347377268785,100.3179585511282,100.60649201806977,100.0294250841866,-178.29518340807294
2020-11-17 23:00,7069,76.14,76.142,75.897,75.9,100.4329380764163,100.55823451910409,101.01779147173471,100.09867756647346,-315.208825847117
2020-11-18 00:00,7668,75.9,76.110,75.898,76.09,100.08253384150345,100.25561834669472,100.72459927258319,99.78663742080623,250.32938076416033
2020-11-18 01:00,4496,76.092,76.126,76.035,76.05,100.05575279421433,100.25049309664695,100.71483123581211,99.78615495748181,-55.19634127109497
2020-11-18 02:00,3175,76.049,76.138,76.030,76.117,99.92485252965825,100.13689451765045,100.60578057906,99.66800845624091,89.41603439887156
2020-11-18 03:00,1950,76.118,76.138,76.066,76.082,99.9550485003023,100.1437922241792,100.60192287243001,99.68566157592835,-47.294989358629195
2020-11-18 04:00,1865,76.081,76.158,76.078,76.12,99.96295323173933,100.05281135049921,100.46086879762959,99.64475390336882,51.26115587334746
2020-11-18 05:00,2588,76.116,76.132,76.058,76.08,100.01288117770765,100.05428496319664,100.36214127076222,99.74642865563106,-47.29623206684713
2020-11-18 06:00,1973,76.078,76.127,76.046,76.066,100.03549549075801,100.03510109641627,100.26850214395515,99.80170004887741,-15.77328531244309
2020-11-18 07:00,4104,76.062,76.071,76.014,76.028,100.06208239069814,100.0519545430631,100.22153096210079,99.88237812402542,-44.700376009034485
2020-11-18 08:00,3910,76.026,76.054,75.933,76.012,100.06472662211227,100.05591222438564,100.21681061544466,99.8950138333266,-18.414752847704463
2020-11-18 09:00,6722,76.01,76.010,75.698,75.775,100.28663807324311,100.35235895743979,100.60286780008863,100.10185011479096,-309.1698460728844
2020-11-18 10:00,4565,75.775,75.821,75.736,75.768,100.2135466159856,100.31913208742478,100.64508779383985,99.99317638100972,-9.237875288690203
2020-11-18 11:00,2996,75.77,75.867,75.765,75.844,100.0545857286008,100.19144559886084,100.539404225432,99.8434869722897,97.66398310676794
2020-11-18 12:00,2499,75.844,75.907,75.810,75.892,99.95546302640591,100.09842934696678,100.4340252975181,99.76283339641545,63.287801276306396
2020-11-18 13:00,2442,75.894,75.944,75.864,75.919,99.89541485003748,100.0413598703882,100.3623795300308,99.72034021074562,32.94068042268358
2020-11-18 14:00,4198,75.922,75.933,75.816,75.856,99.99973634254373,100.0896435351192,100.38046858529701,99.79881848494135,-86.93132425384276
2020-11-18 15:00,3797,75.858,75.879,75.776,75.84,100.03982067510542,100.07911392405065,100.34101433981294,99.81721350828832,-23.728545440165416
2020-11-18 16:00,4749,75.84,75.925,75.828,75.888,99.98814041745723,99.99235715791693,100.20976223234017,99.7749520834937,63.29113924050872
2020-11-18 17:00,6294,75.888,76.118,75.878,76.076,99.78942110521052,99.75156422524847,99.99268351618976,99.51044493430719,247.73350200293612
2020-11-18 18:00,4223,76.078,76.160,76.038,76.058,99.84958847195553,99.7812195955718,100.04090153023367,99.52153766090994,-26.28880885406559
2020-11-18 19:00,3717,76.059,76.084,76.018,76.066,99.89430231640937,99.80898167380961,100.0795259712306,99.53843737638863,9.203381585354792
2020-11-18 20:00,4726,76.065,76.070,75.922,75.976,100.04843634832045,99.95459092344954,100.19193230607493,99.71724954082416,-117.00519292710003
2020-11-18 21:00,6403,75.975,76.086,75.974,76.024,100.02104598547818,99.91515837104075,100.14351958790103,99.68679715418048,64.49489963804751
2020-11-18 22:00,5562,76.023,76.024,75.900,75.916,100.12118657463505,100.06046156277995,100.28497969040606,99.83594343515382,-140.74687923391517
2020-11-18 23:00,5019,75.916,75.928,75.818,75.888,100.11332489985232,100.09329538266923,100.32328175738346,99.863309007955,-36.88287054111332
2020-11-19 00:00,6899,75.89,75.964,75.830,75.932,100.02001791076216,100.04530369277778,100.25884164775898,99.83176573779657,55.34325998155435
2020-11-19 01:00,3768,75.936,75.978,75.901,75.968,99.97051390058962,100.01474304970517,100.19735669642182,99.8321294029885,42.14075010534723
2020-11-19 02:00,2934,75.968,76.042,75.965,76.034,99.88636662545694,99.94712891601127,100.11487269732862,99.77938513469391,86.87868576242957
2020-11-19 03:00,2782,76.032,76.122,75.972,75.984,99.96999368288053,100.00078963992422,100.15236120102055,99.84921807882789,-63.13131313131552
2020-11-19 04:00,3104,75.984,76.026,75.908,76.003,99.9752641343104,99.96855387287346,100.10732245967769,99.82978528606925,25.005264266168478
2020-11-19 05:00,3473,76.004,76.042,75.827,75.828,100.17856200875657,100.1678799388089,100.32923257921271,100.00652729840508,-231.56675964423178
2020-11-19 06:00,2629,75.827,75.890,75.826,75.846,100.12261688157574,100.12696780318015,100.30823026373137,99.94570534262893,25.057037730630853
2020-11-19 07:00,4085,75.845,75.846,75.739,75.808,100.11318066694797,100.14866504854369,100.34244240794396,99.95488768914342,-48.78370360602799
2020-11-19 08:00,2196,75.808,75.875,75.794,75.813,100.06146703072022,100.12847400841545,100.34028392324737,99.91666409358353,6.595609962003287
2020-11-19 09:00,8539,75.814,75.854,75.680,75.704,100.12654549297255,100.24833562295257,100.51668755177339,99.97998369413175,-145.09193552641918
2020-11-19 10:00,5063,75.704,75.768,75.678,75.744,100.05148922686938,100.17057456696242,100.45976075111236,99.88138838281247,52.837366585657634
2020-11-19 11:00,3446,75.743,75.760,75.674,75.692,100.07953284362938,100.20292765417749,100.51126841476842,99.89458689358655,-67.33295486051772
2020-11-19 12:00,3172,75.694,75.708,75.625,75.639,100.10497230264804,100.22091778051008,100.51979072177882,99.92204483924135,-72.6609770919846
2020-11-19 13:00,2581,75.64,75.714,75.608,75.698,99.99656529895104,100.10502258976462,100.36872855195665,99.84131662757257,76.6790058170184
2020-11-19 14:00,2573,75.698,75.734,75.666,75.674,100.02035045061703,100.093294922959,100.27765302018707,99.90893682573093,-31.704932759104203
2020-11-19 15:00,3433,75.675,75.779,75.651,75.772,99.89837934857196,99.95644829224516,100.12779213816536,99.78510444632495,128.17971589033158
2020-11-19 16:00,3772,75.772,75.840,75.692,75.71,99.98494254391751,100.0203407740061,100.16426246597634,99.87641908203587,-81.8244206303276
2020-11-19 17:00,7111,75.71,75.765,75.534,75.558,100.16464173217916,100.18846449085473,100.36530211118992,100.01162687051952,-200.7660810989127
2020-11-19 18:00,5488,75.558,75.642,75.516,75.614,100.06824133097038,100.08794667654142,100.24544936172633,99.9304439913565,74.115249212522
2020-11-19 19:00,5949,75.614,75.686,75.518,75.637,100.02802861033615,100.04865343681007,100.2080744329174,99.88923244070274,30.417647525585384
2020-11-19 20:00,5074,75.638,75.700,75.568,75.672,99.95533354477212,99.99286393910566,100.13979681985336,99.84593105835796,44.95095058038527
2020-11-19 21:00,4157,75.674,75.691,75.611,75.638,99.98122636769871,100.03067241333726,100.17738854782682,99.88395627884766,-47.572481962102394
2020-11-19 22:00,5531,75.64,75.656,75.524,75.634,100.00661078351001,100.03530158394378,100.18260693013268,99.88799623775488,-7.932310946589407
2020-11-19 23:00,6916,75.634,75.653,75.510,75.61,100.0372966538817,100.05541595027118,100.20372601141689,99.90710588912548,-31.731760848296943
2020-11-20 00:00,7858,75.61,75.640,75.478,75.538,100.10643649553863,100.13278085202155,100.30451695684211,99.96104474720102,-95.22549927258662
2020-11-20 01:00,4260,75.536,75.550,75.432,75.446,100.1685974074172,100.21167457519292,100.40014629523743,100.02320285514838,-119.14848549036672
2020-11-20 02:00,2845,75.445,75.540,75.406,75.525,100.03389606090694,100.08235683548496,100.25552022511854,99.90919344585137,106.03751076945127
2020-11-20 03:00,2030,75.526,75.581,75.524,75.554,99.9743230007676,100.04341265849594,100.21701082643682,99.86981449055506,37.07332574213622
2020-11-20 04:00,3146,75.556,75.684,75.546,75.676,99.83059358317028,99.89032189862047,100.07690007491874,99.7037437223222,158.82259516121098
2020-11-20 05:00,3830,75.676,75.728,75.613,75.703,99.83857971282507,99.86341360315977,100.06731719340685,99.65951001291266,35.678418521064835
2020-11-20 06:00,2787,75.704,75.717,75.546,75.604,100.01111052325267,99.9851859689964,100.1793700051528,99.79100193284002,-132.09341646411593
2020-11-20 07:00,7613,75.592,75.593,75.467,75.496,100.14649782769939,100.10940977005407,100.31322956715782,99.90558997295034,-126.99756587999211
2020-11-20 08:00,3966,75.496,75.572,75.408,75.45,100.17998674618944,100.14605699138508,100.36668831393263,99.92542566883752,-60.93038041749532
2020-11-20 09:00,5472,75.45,75.663,75.450,75.587,99.97486340243684,99.96150131636396,100.17882916943894,99.74417346328897,181.57720344599133
2020-11-20 10:00,4779,75.588,75.702,75.556,75.7,99.82483487450453,99.83368560105684,100.07674300712432,99.59062819498934,148.17166746045535
2020-11-20 11:00,3294,75.701,75.702,75.592,75.616,99.93890181972061,99.96707046127807,100.18371517903519,99.75042574352095,-112.28385358184667
2020-11-20 12:00,2998,75.614,75.698,75.606,75.654,99.93047294260707,99.93390964126158,100.14706759568497,99.72075168683817,52.900256566233814
2020-11-20 13:00,2677,75.656,75.735,75.638,75.725,99.90940904588965,99.8627930009905,100.09034626874632,99.63523973323466,91.20228402240193
2020-11-20 14:00,3320,75.726,75.802,75.694,75.718,99.95324757653391,99.87757204363562,100.11445846429092,99.64068562298031,-10.564403243265941
2020-11-20 15:00,3594,75.716,75.747,75.679,75.724,99.95166657862757,99.87243146162383,100.11462896266417,99.6302339605835,10.565798510235323
2020-11-20 16:00,5172,75.723,75.786,75.629,75.656,100.05207782594896,99.96907052976634,100.21148571919949,99.72665534033318,-88.48038244653945
2020-11-20 17:00,5306,75.658,75.732,75.629,75.694,100.0124184215393,99.94504187914501,100.15852323040654,99.73156052788347,47.582542493855726
2020-11-20 18:00,5340,75.696,75.780,75.625,75.634,100.06769442314298,100.04865536663408,100.1706026606586,99.92670807260953,-81.90657366307019
2020-11-20 19:00,4137,75.632,75.785,75.628,75.742,99.93134588471385,99.92646088035701,100.03505142103009,99.81787033968395,145.44108313941112
2020-11-20 20:00,4050,75.74,75.921,75.730,75.892,99.77810572919408,99.75425604806831,99.95031865449727,99.55819344163935,200.6865592817547
2020-11-20 21:00,3465,75.894,75.936,75.854,75.916,99.81505874914376,99.7622372095474,100.00174487695989,99.52272954213491,28.987798771960048
2020-11-20 22:00,4331,75.918,75.930,75.805,75.852,99.94093761535618,99.87251489743184,100.11654997025107,99.6284798246126,-86.93590452857359
2020-11-20 23:00,6219,75.852,75.977,75.834,75.874,99.97522207870941,99.86319424308724,100.1222848406814,99.60410364549307,29.003849601844852
2020-11-21 00:00,6589,75.874,75.922,75.798,75.895,99.98787798932732,99.85888398445222,100.1306170515881,99.58715091731635,27.677465271372007
2020-11-21 01:00,3898,75.898,75.956,75.886,75.931,99.95074475510657,99.83880101671254,100.1254544462425,99.55214758718259,43.47940657197983
2020-11-21 02:00,2680,75.932,75.950,75.854,75.902,99.9852441305894,99.9093568021923,100.16997131505782,99.64874228932679,-39.50903439920078
2020-11-21 03:00,1721,75.9,75.920,75.864,75.888,100.01317731393627,99.95335230866542,100.1856417056518,99.72106291167904,-15.810276679842493
2020-11-21 04:00,1718,75.889,75.925,75.882,75.911,99.99262294002182,99.95955790333417,100.09296170362683,99.82615410304152,28.989708653435375
2020-11-21 05:00,2356,75.913,75.922,75.850,75.9,100.00843214756252,99.99486166007907,100.05015306542555,99.93957025473259,-17.12486662362312
2020-11-21 06:00,2707,75.899,75.902,75.814,75.855,100.04772262869946,100.04930459429178,100.11355568513012,99.9850535034534,-57.97177828429483
2020-11-23 07:00,8463,75.802,75.858,75.782,75.811,100.0817823271029,100.0935220482516,100.18064019198316,100.00640390452004,11.873037650722067
2020-11-23 08:00,3985,75.811,75.944,75.806,75.925,99.9412578202173,99.95284820546595,100.04153673418892,99.86415967674301,150.37395628601402
2020-11-23 09:00,3459,75.924,76.004,75.906,75.982,99.8849727567055,99.8920797030876,100.00544789791665,99.77871150825854,76.39218165532996
2020-11-23 10:00,4142,75.983,76.012,75.936,75.978,99.9107636421069,99.90826291821321,100.03700592074243,99.779519915684,-6.580419304330788
2020-11-23 11:00,2510,75.979,75.988,75.905,75.918,100.00632261123839,99.98551068257858,100.1131700766966,99.85785128846054,-80.28534200238597
2020-11-23 12:00,1874,75.918,75.944,75.897,75.908,100.04505453970593,99.99947304631925,100.12707420271047,99.87187188992802,-13.172106746759813
2020-11-23 13:00,1640,75.908,75.913,75.859,75.87,100.08066429418739,100.0471859760116,100.17753673154968,99.91683522047354,-50.06059967328437
2020-11-23 14:00,1660,75.87,75.901,75.856,75.9,100.01949934123842,100.00619235836629,100.13647693662948,99.8759077801031,39.541320680112214
2020-11-23 15:00,1985,75.9,75.917,75.820,75.853,100.0485148906437,100.06196195272436,100.19865283601936,99.92527106942936,-61.92358366272892
2020-11-23 16:00,3943,75.852,75.970,75.852,75.951,99.92811154560174,99.94549117193982,100.08112511833842,99.80985722554124,130.51732320833932
2020-11-23 17:00,5295,75.95,76.086,75.932,76.079,99.80493960225552,99.81256325661485,99.97530222172567,99.64982429150403,169.84858459511608
2020-11-23 18:00,3963,76.08,76.138,76.032,76.084,99.85463435150619,99.82690184532885,100.02614437781693,99.62765931284076,5.257623554159948
2020-11-23 19:00,2986,76.084,76.102,76.028,76.054,99.9345202093249,99.87574618034557,100.09001917845922,99.66147318223193,-39.4301035697402
2020-11-23 20:00,3211,76.054,76.074,75.974,76.003,100.04105101114426,99.94605476099629,100.16286020205322,99.72924931993936,-67.05761695637564
2020-11-23 21:00,2773,76.002,76.082,75.995,76.016,100.04104399073874,99.9418543464534,100.1586540032928,99.72505468961398,18.4205678798058
2020-11-23 22:00,4622,76.017,76.060,75.894,75.956,100.08768234240873,100.0271209647691,100.237519600305,99.8167223292332,-80.24520830865838
2020-11-23 23:00,7678,75.955,76.022,75.885,75.988,100.02026635784593,100.00052639890514,100.18889778915306,99.81215500865719,43.446777697322425
2020-11-24 00:00,11314,75.988,76.075,75.830,76.068,99.91875690171948,99.91744228847878,100.0975425751,99.73734200185756,105.27978101805323
2020-11-24 01:00,8506,76.066,76.108,75.962,76.006,100.00105254848297,100.01907744125467,100.14085194448725,99.8973029380221,-78.8788683511717
2020-11-24 02:00,3916,76.004,76.037,75.952,76.018,99.9857928385382,100.01210239680078,100.11781183139303,99.90639296220854,18.4200831535127
2020-11-24 03:00,2390,76.019,76.074,75.986,76.066,99.95162096074458,99.94728262298534,100.04894120179932,99.84562404417136,61.82664860100375
2020-11-24 04:00,2754,76.066,76.188,76.056,76.179,99.85350293387938,99.81149660667643,99.96483048972465,99.65816272362821,148.55520206136717
2020-11-24 05:00,2858,76.176,76.220,76.136,76.172,99.88998582156171,99.83616026886526,100.02372631734727,99.64859422038327,-5.250997689567434
2020-11-24 06:00,2564,76.171,76.218,76.160,76.178,99.92727559137808,99.85126939536354,100.05986157806738,99.64267721265972,9.189849155178205
2020-11-24 07:00,5541,76.18,76.192,76.105,76.128,100.02180538041192,99.93156263135778,100.14092045416906,99.72220480854646,-68.25938566553779
2020-11-24 08:00,4032,76.128,76.334,76.128,76.253,99.9068889092888,99.8066961299884,100.02874523876655,99.58464702121024,164.19714165615804
2020-11-24 09:00,4750,76.254,76.394,76.254,76.338,99.83730252298983,99.74141318871341,100.00288454497014,99.47994183245666,110.15815563772256
2020-11-24 10:00,7172,76.338,76.496,76.336,76.386,99.83059722985882,99.72036760662955,100.03504139472258,99.4056938185365,62.87825198459722
2020-11-24 11:00,4104,76.385,76.484,76.351,76.468,99.79939321023167,99.67385049955541,100.02745859884405,99.32024240026678,108.66007724029376
2020-11-24 12:00,3545,76.468,76.545,76.440,76.496,99.85907759882865,99.69985358711571,100.0664907451588,99.33321642907262,36.61662394726106
2020-11-24 13:00,2760,76.498,76.511,76.442,76.467,99.95292086782528,99.79010553572132,100.14164422045285,99.43856685098982,-40.52393526628919
2020-11-24 14:00,3517,76.466,76.480,76.360,76.382,100.0756722788091,99.92773166452831,100.26506235880466,99.59040097025196,-109.85274501084008
2020-11-24 15:00,2612,76.385,76.494,76.385,76.452,100.00130801025473,99.87286140323344,100.19309009689803,99.55263270956884,87.7135563264948
2020-11-24 16:00,3101,76.454,76.550,76.430,76.462,99.98666004028138,99.89694227197825,100.18586712645434,99.60801741750217,10.463808303044678
2020-11-24 17:00,8432,76.464,76.812,76.463,76.745,99.68284578799916,99.60896475340415,99.92783383982177,99.29009566698652,367.49319941411113
2020-11-24 18:00,4571,76.748,76.779,76.670,76.691,99.81145114811379,99.73621415811506,100.06012573878331,99.41230257744681,-74.26903632668233
2020-11-24 19:00,3699,76.69,76.726,76.600,76.626,99.95980476600624,99.8584031529768,100.16955765711579,99.54724864883782,-83.45286217237313
2020-11-24 20:00,3694,76.626,76.741,76.621,76.662,99.96765020479502,99.84751245728003,100.1540799418611,99.54094497269895,46.98144233028132
2020-11-24 21:00,5034,76.662,76.762,76.631,76.715,99.96454409176818,99.81072801929221,100.13520662634406,99.48624941224038,69.13464297826468
2020-11-24 22:00,4796,76.715,76.774,76.680,76.692,99.98070202889477,99.86621811923023,100.19665486234643,99.53578137611403,-29.981098872463463
2020-11-24 23:00,8115,76.692,76.786,76.578,76.768,99.90178199249684,99.80656002501048,100.14464959505305,99.46847045496791,99.09768945914519
2020-11-25 00:00,7729,76.769,76.866,76.670,76.856,99.84724679920889,99.7539554491517,100.06781424906983,99.44009664923357,113.32699396890553
2020-11-25 01:00,4211,76.856,76.936,76.837,76.889,99.8634395037001,99.7679772139058,100.06400206081638,99.47195236699523,42.93744144894511
2020-11-25 02:00,2707,76.892,76.910,76.838,76.838,99.9617376818761,99.88313074260135,100.10060371827446,99.66565776692828,-70.22837226239668
2020-11-25 03:00,2184,76.84,76.898,76.830,76.871,99.96539657348019,99.85664294727535,100.09408785111289,99.61919804343782,40.343571056730475
2020-11-25 04:00,1945,76.87,76.900,76.820,76.899,99.96306844042178,99.84733221498333,100.09840225469495,99.5962621752717,37.7260309613586
2020-11-25 05:00,3803,76.9,76.916,76.871,76.89,99.98361295356996,99.89335414228121,100.11674767120806,99.66996061335435,-13.003901170357757
2020-11-25 06:00,2583,76.892,76.920,76.842,76.887,99.98699390013908,99.92651553578632,100.11699607360501,99.73603499796765,-6.502627061326865
2020-11-25 07:00,10911,76.874,76.898,76.852,76.888,99.99869940692948,99.94771615856834,100.11344989189665,99.78198242524002,18.211619012943263
2020-11-25 08:00,4256,76.888,77.005,76.880,76.988,99.89920507092009,99.85634124798675,99.99186714705726,99.72081534891623,130.05930704400467
2020-11-25 09:00,4770,76.988,77.044,76.918,76.926,99.98674050386079,99.95736162025848,100.05843593512833,99.85628730538862,-80.53203096586171
2020-11-25 10:00,5028,76.925,76.994,76.886,76.926,99.99610014819429,99.96646127447161,100.0648310366719,99.86809151227133,1.2999675008186868
2020-11-25 11:00,5184,76.928,76.974,76.871,76.918,100.01456096102335,99.98062872149566,100.07937672132805,99.88188072166326,-12.99916805323277
2020-11-25 12:00,4290,76.916,76.945,76.822,76.88,100.06191467221637,100.03550988553597,100.11997554653624,99.95104422453569,-46.804305996153424
2020-11-25 13:00,2665,76.881,76.897,76.822,76.828,100.08798875409998,100.09762065913475,100.1995392035852,99.9957021146843,-68.93770892677941
2020-11-25 14:00,4888,76.83,76.858,76.626,76.65,100.24840182648396,100.29758643183307,100.52070648276026,100.07446638090585,-234.28348301443788
2020-11-25 15:00,4061,76.65,76.740,76.570,76.636,100.19103293491305,100.2827652800251,100.57470649805538,99.99082406199484,-18.26484018266145
2020-11-25 16:00,3816,76.636,76.806,76.636,76.798,99.94843615719155,100.05963696971278,100.35215128304012,99.76712265638547,211.38890338744994
2020-11-25 17:00,6125,76.8,76.842,76.654,76.714,100.01459968193545,100.14651823656703,100.4528152347931,99.84022123834097,-111.97916666666474
2020-11-25 18:00,4232,76.714,76.764,76.640,76.697,100.00260766392421,100.13077434580235,100.41665816829217,99.84489052331254,-22.160231509236787
2020-11-25 19:00,3405,76.698,76.767,76.649,76.672,100.04095367278794,100.13029528380639,100.40743306804099,99.85315749957178,-33.89918902708839
2020-11-25 20:00,3733,76.671,76.704,76.644,76.692,100.02946852344441,100.07367130861111,100.32112506886965,99.82621754835256,27.38975623115204
2020-11-25 21:00,2995,76.692,76.758,76.688,76.698,99.99556702912719,100.03715872643357,100.23748598136837,99.83683147149877,7.823501799405712
2020-11-25 22:00,4472,76.699,76.788,76.685,76.698,99.99139482124693,100.01342929411462,100.16312655788417,99.86373203034506,-1.3037979634738064
2020-11-25 23:00,6046,76.697,76.716,76.537,76.548,100.14840361603173,100.17283273240322,100.33064761845303,100.0150178463534,-194.27096235837243
2020-11-26 00:00,8272,76.548,76.772,76.456,76.748,99.9072288528691,99.92455829467872,100.0876922872288,99.76142430212865,261.27397188692436
2020-11-26 01:00,4682,76.749,76.830,76.689,76.819,99.8479542821437,99.85602520209846,100.03925179050819,99.67279861368877,91.20640008339835
2020-11-26 02:00,2356,76.82,76.826,76.790,76.82,99.87841707888569,99.85758916948716,100.04873985393583,99.6664384850385,0.0
2020-11-26 03:00,2318,76.82,76.885,76.819,76.842,99.88730121548109,99.84565732281828,100.06267430186571,99.62864034377087,28.638375423074162
2020-11-26 04:00,3148,76.842,76.939,76.794,76.912,99.89104431038064,99.7827387143749,100.04248071936064,99.52299670938916,91.09601520003044
2020-11-26 05:00,2333,76.912,76.988,76.885,76.94,99.90460098778267,99.78125812321295,100.07227812029029,99.4902381261356,36.405242354888166
2020-11-26 06:00,1593,76.941,76.959,76.924,76.944,99.93189852360153,99.80882200041592,100.11891765435634,99.49872634647548,3.899091511677927
2020-11-26 07:00,9105,76.895,76.935,76.874,76.91,99.99947991158496,99.88050968664677,100.18912081331,99.57189855998355,19.507120098836815
2020-11-26 08:00,2945,76.91,76.920,76.868,76.881,100.04734589820627,99.9419882675824,100.23518190945657,99.64879462570822,-37.706410089710516
2020-11-26 09:00,2594,76.88,76.892,76.834,76.844,100.07781999895889,100.02862943105517,100.18292660947697,99.87433225263337,-46.82622268470521
2020-11-26 10:00,2778,76.842,76.920,76.821,76.87,100.02575777286322,100.01066736047875,100.12629249903526,99.89504222192225,36.438406080015874
2020-11-26 11:00,2570,76.87,76.874,76.788,76.838,100.03982404539417,100.05479059840188,100.16468295678678,99.94489824001698,-41.628723819449306
2020-11-26 12:00,2586,76.836,76.896,76.796,76.828,100.03149893268075,100.0688551049097,100.17593851595079,99.9617716938686,-10.411786141906875
2020-11-26 13:00,1930,76.827,76.844,76.768,76.776,100.07189746795872,100.12803480254249,100.2608022137677,99.99526739131727,-66.38291225741203
2020-11-26 14:00,2675,76.776,76.806,76.738,76.804,100.02499869798444,100.07746992344151,100.21607312949243,99.93886671739057,36.469730124004634
2020-11-26 15:00,2433,76.806,76.879,76.788,76.824,99.9869832344059,100.03631677600752,100.16033287872051,99.91230067329454,23.43566908835336
2020-11-26 16:00,3088,76.825,76.894,76.798,76.807,100.0010415717317,100.040621297538,100.13926039509332,99.94198219998268,-23.429873088188327
2020-11-26 17:00,4218,76.808,76.849,76.686,76.703,100.10403765172155,100.14927708173087,100.27483785249562,100.0237163109661,-136.7045099468857
2020-11-26 18:00,3215,76.704,76.795,76.694,76.744,100.04221828416549,100.07792140102161,100.20203586825598,99.95380693378722,52.148518982069064
2020-11-26 19:00,2693,76.744,76.819,76.718,76.798,99.97031172686785,100.00156254069117,100.12058374938535,99.882541331997,70.36380694256495
2020-11-26 20:00,2137,76.797,76.814,76.751,76.778,99.98437052280597,100.015629477194,100.11811219195393,99.9131467624341,-24.740549761046974
2020-11-26 21:00,2852,76.778,76.780,76.666,76.754,100.00182400917213,100.03595903796547,100.13263257745517,99.93928549847577,-31.2589543879769
2020-11-26 22:00,2161,76.754,76.778,76.702,76.705,100.06622775568732,100.08382765139174,100.18801278267004,99.97964252011342,-63.840321025622885
2020-11-26 23:00,2617,76.706,76.752,76.690,76.712,100.0487537803733,100.06635207008034,100.17938024089328,99.9533238992674,7.822073892525001
2020-11-27 00:00,2218,76.711,76.793,76.709,76.771,99.96483046983883,99.9851506428209,100.092760698718,99.87754058692381,78.21564052091912
2020-11-27 01:00,1595,76.773,76.774,76.736,76.764,99.97029857745814,99.98645198270027,100.07884008231649,99.89406388308404,-11.722871321949569
2020-11-27 02:00,1553,76.763,76.788,76.730,76.766,99.97082041528797,99.97850610947559,100.05968388569069,99.89732833326049,3.90813282440774
2020-11-27 03:00,2526,76.768,76.782,76.755,76.768,99.98462901208832,99.98436848686958,100.05555435082015,99.91318262291901,0.0
2020-11-27 04:00,3634,76.769,76.770,76.746,76.752,100.01589535126118,100.00625390869298,100.07681083849293,99.935696978893,-22.144355143365313
2020-11-27 05:00,1910,76.752,76.849,76.702,76.702,100.06310135328931,100.05892936298928,100.13135764070469,99.98650108527389,-65.14488221804925
2020-11-27 06:00,4193,76.704,76.832,76.690,76.76,99.98645127670656,99.9809796769151,100.04941324975707,99.91254610407312,73.0079265749004
2020-11-27 07:00,3812,76.772,76.772,76.670,76.703,100.0443268190292,100.04862912793504,100.12402981846064,99.97322843740943,-89.87651748033477
2020-11-27 08:00,1807,76.704,76.734,76.677,76.698,100.03259537406446,100.05423870244339,100.13203352923361,99.97644387565316,-7.822277847309433
2020-11-27 09:00,3211,76.7,76.718,76.631,76.645,100.0738469567486,100.11468458477397,100.22112546875061,100.00824370079735,-71.70795306389415
2020-11-27 10:00,4081,76.646,76.655,76.530,76.573,100.13425097619259,100.1829626630797,100.34148266929672,100.0244426568627,-95.24306552202007
2020-11-27 11:00,3466,76.572,76.639,76.499,76.623,100.03314931547962,100.09918692820696,100.26503931773189,99.93333453868203,66.60398056731172
2020-11-27 12:00,3444,76.624,76.668,76.605,76.61,100.02584518992295,100.09580994648222,100.26372896631659,99.92789092664786,-18.27103779494126
2020-11-27 13:00,2404,76.61,76.684,76.599,76.658,99.952777270474,100.01878473218714,100.17012957501967,99.86743988935463,62.65500587390918
2020-11-27 14:00,2709,76.658,76.712,76.642,76.712,99.89988528522261,99.94316404213166,100.08288998625852,99.80343809800478,70.44274570169068
2020-11-27 15:00,2711,76.71,76.793,76.700,76.781,99.8642893424154,99.86363813964397,100.02765459479606,99.69962168449187,92.55638117587299
2020-11-27 16:00,2444,76.782,76.794,76.722,76.752,99.93563685636853,99.90032833020642,100.06173310775668,99.73892355265616,-39.071657419709226
2020-11-27 17:00,3624,76.754,76.832,76.712,76.806,99.9164127802515,99.84350180975451,100.03410693793371,99.65289668157531,67.74891210880538
2020-11-27 18:00,2602,76.807,76.812,76.702,76.742,100.02163091918372,99.93250110760734,100.12821402599224,99.73678818922245,-84.62770320413208
2020-11-27 19:00,2422,76.745,76.754,76.662,76.735,100.0367498533915,99.95334593080088,100.14760305989535,99.7590888017064,-13.030164831591785
2020-11-27 20:00,2407,76.734,76.792,76.720,76.772,99.98619288282181,99.93109466993181,100.09782802461811,99.7643613152455,49.52172439858591
2020-11-27 21:00,3103,76.772,76.822,76.721,76.787,99.97577714977791,99.93293135556804,100.08401767767606,99.78184503346004,19.538373365290166
2020-11-27 22:00,3749,76.788,76.890,76.760,76.86,99.89487379651311,99.87054384595375,100.00612600163467,99.73496169027283,93.7646507266796
2020-11-27 23:00,4374,76.86,76.934,76.860,76.92,99.86323452938115,99.82670306812277,99.98100582335857,99.67240031288698,78.06401249024496
2020-11-28 00:00,4735,76.922,76.954,76.880,76.929,99.90198754695886,99.84323207113056,100.01797730186313,99.668486840398,9.100127401790129
2020-11-28 01:00,3742,76.929,76.941,76.842,76.858,100.01665408935958,99.94548387936199,100.12253859231568,99.7684291664083,-92.2928934472019
2020-11-28 02:00,2174,76.858,76.904,76.835,76.893,99.99869949150116,99.91832806627396,100.09495148471966,99.74170464782827,45.53852559264694
2020-11-28 03:00,1311,76.892,76.894,76.820,76.84,100.06246746486202,99.9916710046851,100.16725255496934,99.81608945440085,-67.62732143785114
2020-11-28 04:00,1859,76.842,76.894,76.839,76.865,100.01561178689909,99.97515123918565,100.13254084238761,99.81776163598369,29.931547851430384
2020-11-28 05:00,2098,76.864,76.905,76.840,76.844,100.02082140440372,100.01665712352306,100.14176327286268,99.89155097418343,-26.01998334722397
2020-11-28 06:00,7894,76.844,76.941,76.818,76.88,99.9797086368366,99.98387096774199,100.08558227357034,99.88215966191363,46.8481599083876
2020-11-30 07:00,906,76.877,76.920,76.836,76.879,99.9773670313089,99.99713836028047,100.0710573263322,99.92321939422875,2.6015583334541534
2020-11-30 08:00,3175,76.88,77.116,76.868,77.038,99.82242529660684,99.81385809600462,99.9574881454385,99.67022804657074,205.51508844953338
2020-11-30 09:00,5608,77.04,77.051,76.870,76.899,100.01170366324656,99.99154735432195,100.13385371809247,99.84924099055144,-183.02180685358948
2020-11-30 10:00,5632,76.9,76.932,76.822,76.893,100.03225261077078,99.99466791515489,100.13346794033262,99.85586788997716,-9.10273081925228
2020-11-30 11:00,4612,76.892,76.893,76.760,76.805,100.12733545993096,100.10233708742926,100.25479972976541,99.9498744450931,-113.14571086717615
2020-11-30 12:00,3079,76.806,76.839,76.730,76.776,100.13832447639884,100.12490882567475,100.29848911192742,99.95132853942206,-39.059448480588934
2020-11-30 13:00,3013,76.775,76.816,76.722,76.774,100.07215984578109,100.11892046786677,100.30773186606004,99.9301090696735,-1.3025073266099312
2020-11-30 14:00,3863,76.774,76.786,76.713,76.748,100.066711836139,100.13759316203685,100.34756459477295,99.92762172930074,-33.86563159402434
2020-11-30 15:00,3366,76.748,76.788,76.684,76.728,100.04978625795013,100.14857679074139,100.38063832089163,99.91651526059113,-26.05931099183071
2020-11-30 16:00,3744,76.728,76.851,76.688,76.843,99.90994625405042,99.99388363286185,100.2232768498301,99.76449041589359,149.88009592327325
2020-11-30 17:00,5511,76.844,76.962,76.794,76.856,99.91386489018421,99.97397730821282,100.20126135141969,99.74669326500596,15.616053302795866
2020-11-30 18:00,5009,76.855,76.925,76.838,76.84,99.95184799583545,99.96902654867262,100.11528414947787,99.82276894786733,-19.51727278641672
2020-11-30 19:00,2952,76.838,76.846,76.762,76.8,100.01744791666664,100.00820312500005,100.13578629704413,99.88061995295597,-49.45469689476132
2020-11-30 20:00,3423,76.799,76.816,76.716,76.774,100.06330268059496,100.02657149555843,100.13113880757274,99.92200418354412,-32.552507194111485
2020-11-30 21:00,4563,76.771,76.874,76.758,76.792,100.02656526721532,100.00143244087931,100.10557381633092,99.8972910654277,27.354079014212136
2020-11-30 22:00,4428,76.79,76.902,76.752,76.89,99.90792040577445,99.88880218493958,100.01566238909581,99.76194198078335,130.2252897512623
2020-11-30 23:00,6148,76.891,76.925,76.820,76.907,99.90325978129427,99.88401575929376,100.03018758862017,99.73784392996735,20.808677218388542
2020-12-01 00:00,11604,76.906,76.936,76.684,76.842,99.99869862835425,99.98073969964348,100.11453083171259,99.84694856757437,-83.2184745013486
2020-12-01 01:00,8640,76.842,76.859,76.668,76.728,100.13528307788546,100.12928787404864,100.26327778868807,99.99529795940921,-148.3563676114681
2020-12-01 02:00,3987,76.726,76.760,76.686,76.724,100.12277774881389,100.11899796673798,100.2741116355494,99.96388429792657,-2.6066783098237085
2020-12-01 03:00,2063,76.724,76.735,76.676,76.692,100.11291920930472,100.13938872372614,100.31676917098875,99.96200827646355,-41.707940149119814
2020-12-01 04:00,2565,76.692,76.730,76.672,76.729,100.01824603474563,100.07663334593184,100.25765364879675,99.89561304306696,48.244927763008064
2020-12-01 05:00,2959,76.729,76.732,76.622,76.622,100.1004933308971,100.19315601263352,100.41525766682548,99.97105435844155,-139.45183698471152
2020-12-01 06:00,2342,76.62,76.678,76.576,76.593,100.10314258483149,100.20746021176876,100.46915308108761,99.94576734244991,-35.238841033674
2020-12-01 07:00,4597,76.593,76.706,76.574,76.646,100.01356887508805,100.11911906687894,100.39018790688073,99.84805022687716,69.19692400088424
2020-12-01 08:00,3655,76.648,76.774,76.645,76.758,99.88483285129885,99.95583522238731,100.19362011834659,99.71805032642806,143.513203214695
2020-12-01 09:00,3476,76.76,76.784,76.707,76.764,99.88614454692302,99.9293939867647,100.11247250434849,99.74631546918089,5.211047420519382
2020-12-01 10:00,4012,76.764,76.818,76.720,76.772,99.91481269212731,99.90986297087487,100.06459811605744,99.75512782569228,10.42155176907115
2020-12-01 11:00,3979,76.771,76.835,76.728,76.806,99.92604744421006,99.87579095383181,100.04986039360686,99.70172151405676,45.590131690347384
2020-12-01 12:00,4103,76.808,76.966,76.806,76.914,99.85542293990686,99.7602517097018,99.99610455672007,99.52439886268354,138.0064576606532
2020-12-01 13:00,2498,76.915,76.978,76.870,76.906,99.90429875432343,99.79845525706712,100.06795337533876,99.52895713879548,-11.701228629006488
2020-12-01 14:00,2795,76.906,76.931,76.866,76.904,99.94330593987306,99.82380630396345,100.11717761433503,99.53043499359187,-2.6005773281792703
2020-12-01 15:00,2220,76.903,76.906,76.828,76.832,100.05258225739273,99.94468450645572,100.21194701087535,99.67742200203608,-92.32409658922559
2020-12-01 16:00,3321,76.834,76.882,76.813,76.83,100.06143433554597,99.9781335415854,100.18446596762536,99.77180111554541,-5.206028581103273
2020-12-01 17:00,5053,76.83,76.888,76.750,76.753,100.11986502156263,100.0923742394435,100.25162207681177,99.93312640207522,-100.22126773395571
2020-12-01 18:00,4357,76.75,76.775,76.634,76.682,100.15414308442656,100.1751388852665,100.36423437930327,99.98604339122973,-88.59934853419914
2020-12-01 19:00,3143,76.678,76.742,76.656,76.669,100.10982274452513,100.17973366027996,100.39895615845876,99.96051116210121,-11.737395341558651
2020-12-01 20:00,3021,76.67,76.762,76.646,76.734,99.99947871869051,100.0899210258817,100.31499143746801,99.86485061429539,83.47463153775003
2020-12-01 21:00,2769,76.734,76.755,76.700,76.755,99.95257637938893,100.05589212429165,100.28395044654349,99.82783380203983,27.367268746580127
2020-12-01 22:00,4169,76.754,76.804,76.714,76.795,99.91145256852656,99.98828048701093,100.19287592037615,99.7836850536457,53.417411470407814
2020-12-01 23:00,6241,76.794,76.868,76.714,76.825,99.90966482264884,99.93869183208596,100.11939463145505,99.75798903271689,40.36773706279906
2020-12-02 00:00,9811,76.825,76.954,76.780,76.845,99.92946841043654,99.90500357863237,100.06210054813538,99.74790660912937,26.033192320203085
2020-12-02 01:00,7461,76.845,76.932,76.780,76.788,100.0177111006928,99.97343334896084,100.12281966793677,99.82404702998491,-74.1752879172388
