Datetime,Volume,Open,High,Low,Close,SMA5,SMA10,BBANDS+2σ,BBANDS-2σ,Rate
2020-11-10 02:00,12587,76.778,76.898,76.728,76.846,99.9989589568748,99.38617494729723,1.0053835668129971,0.9688089741130106,0.08856703743259506
2020-11-10 03:00,8041,76.844,76.855,76.700,76.736,100.1198915763136,99.70848102585492,1.008013994770884,0.9710544998079317,-0.1405444797251443
2020-11-10 04:00,7882,76.738,76.892,76.718,76.87,99.94276050474826,99.72603096136338,1.007554211193691,0.9701926341295823,0.17201386536006283
2020-11-10 05:00,9790,76.872,76.956,76.678,76.722,100.08863168321993,100.07950783347677,1.0101681017570738,0.9734598015822559,-0.19512956603185252
2020-11-10 06:00,5165,76.722,76.780,76.656,76.78,100.01406616306328,100.06994008856478,1.0100836683202898,0.9740176601506666,0.07559761215819054
2020-11-10 07:00,4511,76.704,76.722,76.510,76.533,100.255053375668,100.33149099081444,1.0134964613424462,0.9785958387111255,-0.22293491864830034
2020-11-10 08:00,7267,76.532,76.661,76.462,76.535,100.19990853857712,100.29136996145557,1.0134827427843813,0.9801149576141293,0.003919928918622424
2020-11-10 09:00,13415,76.534,76.696,76.380,76.52,100.12807109252482,100.26398327234713,1.0136221268106786,0.9817803823372566,-0.018292523584302407
2020-11-10 10:00,12104,76.522,76.577,76.332,76.339,100.26513315605389,100.42795949645662,1.0158189735206384,0.9853429489567321,-0.23914691199917268
2020-11-10 11:00,10149,76.341,76.459,76.340,76.379,100.10762120478141,100.32338731850379,1.014867490325375,0.9864326052506338,0.049776659986129235
2020-11-10 12:00,9119,76.378,76.419,76.247,76.378,100.06834428762208,100.26342664117945,1.0141570278103558,0.988428795332434,0.0
2020-11-10 13:00,6982,76.378,76.482,76.376,76.442,99.96023128646554,100.14102195128338,1.0121303313854944,0.9901995396278228,0.0837937626017871
2020-11-10 14:00,6375,76.442,76.495,76.389,76.412,99.9712087106737,100.12039993718267,1.0108906295403162,0.9935510811857472,-0.039245440987921466
2020-11-10 15:00,6244,76.413,76.576,76.398,76.556,99.83985579183863,99.91039239249704,1.006689852016973,0.9953792216023382,0.1871409315168894
2020-11-10 16:00,7774,76.558,76.644,76.424,76.43,100.01779405992409,100.02930786340447,1.008172310664073,0.9974027253165624,-0.16719350035267394
2020-11-10 17:00,10704,76.43,76.576,76.420,76.536,99.9205602592244,99.89116232883875,1.0060444632785883,0.9961427427421076,0.13868899646734859
2020-11-10 18:00,8443,76.536,76.776,76.535,76.776,99.6952172553923,99.6102948838179,1.0028122351083166,0.9930562654647793,0.3135779241141357
2020-11-10 19:00,10056,76.775,76.826,76.678,76.682,99.88784851725303,99.75352755535852,1.0036741944509338,0.9943827159061256,-0.12113318137414981
2020-11-10 20:00,7929,76.684,76.710,76.580,76.682,99.92071150987192,99.79825773975645,1.0032139105977491,0.9945561006173996,-0.0026081059934214947
2020-11-10 21:00,9651,76.683,76.720,76.578,76.628,100.04280419689928,99.90108054497057,1.003695314084774,0.9952893912448706,-0.0717238501362842
2020-11-10 22:00,11093,76.63,76.676,76.420,76.465,100.23749427842803,100.12541685738576,1.0053438794855216,0.9974037828436488,-0.21532037061202147
2020-11-10 23:00,13974,76.466,76.622,76.443,76.528,100.09016307756637,100.05422851766677,1.0042582311222312,0.996568917111095,0.0810817879842176
2020-11-11 00:00,15487,76.528,76.569,76.398,76.48,100.10015690376568,100.12591527196658,1.0041722570841158,0.99740070316693,-0.06272214091574563
2020-11-11 01:00,9966,76.482,76.646,76.476,76.626,99.89481377078275,99.94427478923608,1.0020617871447477,0.9955721752178965,0.18827959519887746
2020-11-11 02:00,6603,76.626,76.742,76.620,76.66,99.85885729193843,99.92995043047225,1.0012935115567283,0.9952979311774225,0.04437136220080888
2020-11-11 03:00,4439,76.662,76.694,76.573,76.67,99.89930872570757,99.93439415677582,1.0013572908602373,0.9951524261085903,0.010435417808034706
2020-11-11 04:00,5904,76.668,76.724,76.652,76.666,99.94052122192366,99.92526021965412,1.0015814421313112,0.9952033125187293,-0.0026086502843553367
2020-11-11 05:00,6239,76.668,76.683,76.582,76.622,100.03497689958496,99.97481141186606,1.0022510229121306,0.9958135016369548,-0.059998956539894704
2020-11-11 06:00,3080,76.623,76.720,76.618,76.7,99.95254237288134,99.87548891786182,1.0013211510200957,0.9951821084323167,0.10049201936755045
2020-11-11 07:00,7848,76.702,76.732,76.656,76.678,99.98591512559011,99.91066537990038,1.0016509800603024,0.9958150467009594,-0.03128992725092033
2020-11-11 08:00,3524,76.678,76.744,76.624,76.65,100.01722113502933,99.97129810828443,1.0019505094995387,0.9966000449688244,-0.03651634106261455
2020-11-11 09:00,6907,76.649,76.702,76.526,76.529,100.13955493995739,100.12949339466087,1.0034653489909273,0.9983587961043965,-0.15655781549662037
2020-11-11 10:00,9973,76.528,76.672,76.509,76.628,100.01174505402722,100.01944458944511,1.0020540987489153,0.997465659041971,0.13067112690779104
2020-11-11 11:00,7235,76.629,76.840,76.574,76.759,99.8564337732383,99.86607433655989,1.0006015974462426,0.9957701635198986,0.1696485664696074
2020-11-11 12:00,6245,76.762,76.920,76.756,76.848,99.78503018946489,99.77488028315638,0.9997658225048989,0.9948378106410518,0.11203460045334737
2020-11-11 13:00,3125,76.848,76.870,76.780,76.847,99.83759938579252,99.79921142009451,1.000158899315062,0.9948753895966717,-0.0013012700395648225
2020-11-11 14:00,3311,76.848,76.922,76.833,76.896,99.86943404078232,99.76552746566793,0.999858700182709,0.9940603593262382,0.062460961898815615
2020-11-11 15:00,3803,76.898,76.946,76.869,76.921,99.91315765525665,99.7719738432938,1.0000395392209493,0.9935421874856715,0.029909750578702106
2020-11-11 16:00,6653,76.918,77.101,76.859,76.865,100.01353021531254,99.86612892734017,1.0010629933711366,0.9942092371629169,-0.06890454770016313
2020-11-11 17:00,10284,76.868,76.988,76.812,76.978,99.90049104939072,99.75850242926553,1.0001845191108796,0.9926134231583404,0.1431024613623347
2020-11-11 18:00,8850,76.978,77.008,76.912,76.958,99.95530029366667,99.82444969983631,1.0007576022531008,0.9931988415214258,-0.025981449245233736
2020-11-11 19:00,5619,76.959,76.973,76.866,76.916,100.01508138748763,99.9292734931614,1.0015103970883095,0.9940392934832235,-0.05587390688549274
2020-11-11 20:00,5295,76.916,76.966,76.760,76.76,100.17639395518496,100.14955706096929,1.0033768985214004,0.9965931379559315,-0.20281865931664633
2020-11-11 21:00,7574,76.76,76.768,76.650,76.718,100.19291430954924,100.19904064235251,1.003903024885105,0.9972818339485455,-0.054715997915583105
2020-11-11 22:00,7320,76.718,76.824,76.666,76.794,100.04583691434226,100.09284579524444,1.0029416008053693,0.9964372569178908,0.09906410490366459
2020-11-11 23:00,8945,76.792,76.812,76.689,76.691,100.11057360055284,100.206934320846,1.0042824606166885,0.997809049469241,-0.13152411709552958
2020-11-12 00:00,10149,76.691,76.802,76.662,76.728,100.01329371285578,100.13671671358568,1.0037888756050368,0.9974179849934414,0.04824555684499084
2020-11-12 01:00,5412,76.73,76.763,76.684,76.712,100.02163937845445,100.13035770153303,1.0039499321766858,0.9977916467157957,-0.023458881793302074
2020-11-12 02:00,3121,76.712,76.809,76.706,76.802,99.9263040024999,100.00481758287545,1.0028055430419667,0.996723115065895,0.11732193137971036
2020-11-12 03:00,2531,76.802,76.818,76.773,76.799,99.9315095248636,99.98541647677706,1.0028574459746786,0.996906873873236,-0.0039061482773887577
2020-11-12 04:00,3232,76.8,76.834,76.688,76.714,100.04823109210834,100.06439502567983,1.0039292378406877,0.9981342707757317,-0.11197916666666474
2020-11-12 05:00,2962,76.712,76.746,76.678,76.726,100.0320621432109,100.02398144045046,1.0034753152851317,0.9985318270134372,0.018250078214615436
2020-11-12 06:00,2714,76.725,76.790,76.720,76.769,99.99088173611742,99.96912816371194,1.0027861402742382,0.9982833018182731,0.05734767025091059
2020-11-12 07:00,6821,76.73,76.762,76.715,76.722,100.03128177054819,100.0308907484164,1.0034143111611988,0.998832762689848,-0.010426169685924379
2020-11-12 08:00,3408,76.722,76.790,76.698,76.784,99.94660345905395,99.94881746197129,1.0025534856785736,0.997993503277459,0.08081124058289908
2020-11-12 09:00,5869,76.784,76.826,76.724,76.766,99.98358648359948,99.9820232915614,1.0027315523825469,0.9981790069796711,-0.02344238382996546
2020-11-12 10:00,7227,76.764,76.791,76.640,76.666,100.09834868129286,100.10434873346728,1.0039377209892877,0.9992827417973458,-0.12766400917096424
2020-11-12 11:00,4153,76.668,76.722,76.626,76.703,100.03285399528048,100.05488703179799,1.00322036082974,0.9987495751571186,0.04565137997599597
2020-11-12 12:00,4053,76.704,76.718,76.594,76.596,100.13969397879785,100.16776332967781,1.0046095308922942,0.9998058432786808,-0.1408010012515513
2020-11-12 13:00,3548,76.596,76.617,76.486,76.501,100.1900628749951,100.25319930458427,1.0056362827979566,1.0006446808495775,-0.12402736435322843
2020-11-12 14:00,4121,76.502,76.606,76.489,76.508,100.11345218800646,100.21710147958387,1.005231634246821,1.000277593546351,0.007842932210922887
2020-11-12 15:00,5654,76.507,76.528,76.302,76.379,100.20738684717001,100.34093140784772,1.0069751305548855,1.0012182210208092,-0.16730495248800778
2020-11-12 16:00,5836,76.379,76.486,76.297,76.371,100.13093975461886,100.29932827905886,1.007323551055744,1.0005708067502297,-0.010474083190418539
2020-11-12 17:00,6510,76.372,76.537,76.364,76.519,99.91714476143176,100.07880395718712,1.0053425750424136,0.9984081273975031,0.19247891897554809
2020-11-12 18:00,6117,76.52,76.686,76.394,76.658,99.77693130527798,99.88089957995255,1.003340274241791,0.9965997189748335,0.18034500784109414
2020-11-12 19:00,4900,76.659,76.695,76.552,76.568,99.90988402465781,99.97244279594611,1.0044679411675201,0.9976621915249884,-0.11870752292621634
2020-11-12 20:00,3833,76.57,76.630,76.498,76.502,100.0282345559593,100.03725392800193,1.0052517256222073,0.9983102727569196,-0.08880762700796375
2020-11-12 21:00,6382,76.504,76.536,76.344,76.372,100.19876394490126,100.16419630230979,1.0070230245956986,0.9995042367042539,-0.1725399979086126
2020-11-12 22:00,8401,76.37,76.512,76.358,76.492,100.03451341316737,99.99346336871832,1.0051447841349053,0.9978293830982691,0.15974859237920633
2020-11-12 23:00,10983,76.494,76.514,76.316,76.402,100.08533808015497,100.09829585612945,1.0060516079613828,0.9987624021430646,-0.12027087091797888
2020-11-13 00:00,9105,76.402,76.486,76.345,76.36,100.08590885280253,100.13397066526981,1.0065041695287513,0.9989489472863349,-0.05497238292191513
2020-11-13 01:00,6349,76.36,76.450,76.328,76.414,99.99214803570024,100.0677886251211,1.0055614698986208,0.9980661376078569,0.07071765322158466
2020-11-13 02:00,5091,76.414,76.414,76.147,76.217,100.20992691919123,100.3062308933703,1.0080233724764764,1.0000588139123872,-0.25780616117465743
2020-11-13 03:00,5461,76.214,76.219,76.035,76.166,100.19142399495836,100.32704881443166,1.0086439960829774,1.0000527977620453,-0.06298055475372218
2020-11-13 04:00,4868,76.167,76.194,76.030,76.052,100.24956608636192,100.39775416820073,1.0100191961931644,1.0007260833524092,-0.15098402195175717
2020-11-13 05:00,5932,76.052,76.062,75.920,76.014,100.20864577577812,100.37506248848902,1.0103109734324756,1.0004502021404444,-0.04996581286489627
2020-11-13 06:00,2616,76.014,76.044,75.984,76.026,100.09075842474944,100.29660905479709,1.0099974092145072,0.9996045690560843,0.01578656563264722
2020-11-13 07:00,7343,76.024,76.063,75.975,76.0,100.0678947368421,100.28197368421057,1.0099821105862141,0.999382363097996,-0.03156897821740622
2020-11-13 08:00,4430,75.999,76.125,75.966,76.09,99.92955710343014,100.11052700749117,1.008455653185484,0.9978671224749178,0.11973841761076882
2020-11-13 09:00,6408,76.092,76.113,75.856,75.866,100.17557272032266,100.33545988980576,1.0115343606152611,0.9998752299786804,-0.29700888398254627
2020-11-13 10:00,6614,75.865,75.994,75.798,75.822,100.18306032549917,100.32272955079004,1.0121281764190473,0.9995438976491642,-0.05667962828707858
2020-11-13 11:00,4870,75.821,75.848,75.760,75.832,100.11868340542252,100.23275134507865,1.0120591318089749,0.9986263307925648,0.0145078540246049
2020-11-13 12:00,3266,75.832,75.860,75.797,75.8,100.10817941952506,100.2200527704486,1.012504504845224,0.9982764977932975,-0.04219854415022217
2020-11-13 13:00,3412,75.8,75.904,75.782,75.852,99.97679692031849,100.1099509571271,1.0113916386817234,0.9971315380308212,0.06860158311346531
2020-11-13 14:00,3381,75.853,75.878,75.810,75.85,99.97521423862888,100.08595912986162,1.0104845960768678,0.9970262806535205,-0.0039550182590011125
2020-11-13 15:00,3636,75.852,76.011,75.848,75.989,99.83629209490846,99.89959073023732,1.0077652489024362,0.9953115122077236,0.18061488161155995
2020-11-13 16:00,4673,75.988,76.120,75.918,76.116,99.7443375899942,99.7447317252615,1.0053561201922385,0.9938713746840024,0.16844764962888892
2020-11-13 17:00,5599,76.117,76.136,76.014,76.066,99.87984119054502,99.81897299713413,1.0055519695370123,0.9945873831304074,-0.0670021151648146
2020-11-13 18:00,4986,76.064,76.172,75.981,76.152,99.84583464649646,99.71438701544285,1.003606721035621,0.9938273581743796,0.11569204880102031
2020-11-13 19:00,4543,76.152,76.306,76.152,76.263,99.8088194799575,99.6213104651011,1.0017708385225954,0.9925737322391096,0.14576110936023243
2020-11-13 20:00,3844,76.264,76.272,76.074,76.086,100.06650369318928,99.88775858896518,1.0035297900567015,0.9950941355012193,-0.23339976922269653
2020-11-13 21:00,4808,76.087,76.092,75.986,75.99,100.1597578628767,100.03474141334394,1.0038421467377057,0.9967487204816647,-0.12748564143678737
2020-11-13 22:00,7764,75.991,76.055,75.892,75.982,100.14819299307729,100.06922692216584,1.0035730949668336,0.9969191268751807,-0.011843507783816954
2020-11-13 23:00,6849,75.982,76.007,75.932,75.954,100.13297522184479,100.1195460410249,1.0036576476592318,0.9972929276890046,-0.03685083309205575
2020-11-14 00:00,9235,75.955,76.006,75.796,75.834,100.17828414695254,100.27586570667515,1.005199679625449,0.9986297372587976,-0.15930485155683644
2020-11-14 01:00,5318,75.835,75.921,75.819,75.898,100.04426994123689,100.1793196131651,1.0043004550347316,0.9976864220898299,0.08307509725061303
2020-11-14 02:00,3225,75.898,76.047,75.898,76.046,99.8642926649659,99.9751466217816,1.002372033378224,0.995744895848822,0.19499855068646124
2020-11-14 03:00,2999,76.046,76.082,76.008,76.022,99.90634290073922,100.00092078608832,1.0027112197948391,0.9960654501165017,-0.031559845356758945
2020-11-14 04:00,3145,76.022,76.030,75.978,76.002,99.9452645983,100.00749980263683,1.0028498641312427,0.996336999372349,-0.026308173949659616
2020-11-14 05:00,2836,76.002,76.100,76.002,76.096,99.89066442388558,99.86201640033647,1.0017723073886944,0.9952472468585716,0.12368095576433293
2020-11-14 06:00,1703,76.094,76.094,76.024,76.078,99.961618339073,99.88459212913068,1.0020700835627332,0.9957584608259199,-0.021026624963848838
2020-11-16 07:00,4013,76.145,76.160,76.020,76.052,99.99737022037549,99.92689212643985,1.0024120234924334,0.9963887969988086,-0.1221353995666023
2020-11-16 08:00,7177,76.053,76.372,76.046,76.307,99.73790084789071,99.63555112899216,0.9995879004172088,0.9931978204209836,0.3339776208696631
2020-11-16 09:00,7276,76.306,76.368,76.224,76.303,99.82202534631661,99.68651298114104,1.0000988345231852,0.9933824178522122,-0.003931538804288147
2020-11-16 10:00,5866,76.302,76.340,76.210,76.244,99.9380934893237,99.81742825664978,1.0010612236606127,0.9944794090449108,-0.07601373489555573
2020-11-16 11:00,4274,76.243,76.277,76.197,76.254,99.97114905447579,99.85102420856617,1.0012150483094957,0.9944114106303619,0.014427554004970805
2020-11-16 12:00,4101,76.256,76.292,76.167,76.176,100.10607015332909,99.97033186305406,1.002314210598579,0.9954344241420207,-0.10490977759126928
2020-11-16 13:00,2079,76.176,76.216,76.150,76.214,100.03175269635496,99.945679271525,1.0019791446322048,0.9949676105571293,0.04988447805082533
2020-11-16 14:00,2746,76.215,76.251,76.150,76.192,100.03149937001257,99.99947501049988,1.0023234168741726,0.9952524441086067,-0.03017778652497585
2020-11-16 15:00,3440,76.192,76.210,76.133,76.176,100.03465658475103,100.03098088636848,1.0023718087483902,0.9955094136838707,-0.020999580008388193
2020-11-16 16:00,3634,76.176,76.194,76.093,76.175,100.01522809320637,100.04502789629153,1.0024727401692117,0.9955515460139177,-0.0013127494223965223
2020-11-16 17:00,5783,76.174,76.300,76.147,76.168,100.02231908412975,100.06945173826284,1.0026367441711383,0.9958048586016779,-0.007876703337096945
2020-11-16 18:00,5315,76.168,76.220,76.110,76.2,99.97664041994744,100.01338582677175,1.002307550765838,0.9955809006777301,0.04201239365612393
2020-11-16 19:00,5626,76.198,76.294,76.142,76.247,99.9294398468136,99.94439125473797,1.0018018022191386,0.9952393928442724,0.0643061497677191
2020-11-16 20:00,10009,76.246,76.775,76.236,76.614,99.56509254183302,99.5139269585194,0.9980412354938786,0.9904517292384144,0.4826482700731963
2020-11-16 21:00,14402,76.615,76.688,76.485,76.58,99.7150692086706,99.60067902846706,0.9992173897804119,0.9910489983104721,-0.045682960255820124
2020-11-16 22:00,8757,76.578,76.618,76.442,76.504,99.90196591027912,99.74249712433344,1.0007192982830362,0.9921229060461474,-0.0966334978714488
2020-11-16 23:00,8222,76.506,76.551,76.230,76.302,100.19317973316551,100.01808602657867,1.003380815039139,0.995104152589493,-0.26664575327424456
2020-11-17 00:00,7251,76.301,76.592,76.285,76.572,99.92477668077098,99.71503944000426,1.0003474822418184,0.9918350387841427,0.35517227821391695
2020-11-17 01:00,4518,76.574,76.626,76.516,76.554,99.93259659847942,99.78786216265651,1.001029251992619,0.9922199577155595,-0.02611852587039468
2020-11-17 02:00,2231,76.554,76.558,76.474,76.5,99.98222222222215,99.90078431372558,1.0019552027304195,0.9932526404068339,-0.07053844345168384
2020-11-17 03:00,2485,76.498,76.498,76.406,76.448,100.03557974047712,100.00536312264555,1.0026504212549017,0.9944325632574458,-0.06536118591337206
2020-11-17 04:00,2102,76.45,76.510,76.418,76.49,100.02980781801536,99.98836449209054,1.0023060604653657,0.9939195899464516,0.052321778940473566
2020-11-17 05:00,2260,76.49,76.540,76.456,76.539,99.95714603012834,99.96250277636246,1.0019500247903932,0.9933059884838842,0.0640606615243909
2020-11-17 06:00,1721,76.539,76.572,76.514,76.552,99.93964886613011,99.93742815341213,1.0020602273972183,0.9932592939738745,0.016984805132031027
2020-11-17 07:00,7110,76.554,76.572,76.468,76.489,100.01908771195849,100.00784426518854,1.0030259902565941,0.9942442054578212,-0.08490738563627992
2020-11-17 08:00,3159,76.49,76.550,76.477,76.516,100.00156829944056,99.97412305922951,1.00276777846726,0.9942419972659191,0.03399137142111447
2020-11-17 09:00,4577,76.517,76.564,76.462,76.53,99.99372794982354,99.98562655167915,1.0026947682394778,0.994362594886093,0.01698968856594643
2020-11-17 10:00,4474,76.528,76.558,76.425,76.474,100.04995161754316,100.046028715642,1.0033961971422594,0.9954923139857049,-0.07056240853021384
2020-11-17 11:00,3614,76.474,76.530,76.451,76.486,100.01699657453642,100.02144183249229,1.0031395485481196,0.9958406569796887,0.015691607605199748
2020-11-17 12:00,2319,76.486,76.535,76.486,76.52,99.98065865133292,99.97961317302675,1.0025514161277185,0.9959914484828404,0.04445257955703242
2020-11-17 13:00,1839,76.518,76.562,76.497,76.504,99.9984314545644,100.00784272717773,1.0024613348138696,0.9969386965570386,-0.018296348571572432
2020-11-17 14:00,2553,76.504,76.514,76.448,76.482,100.01464396851539,100.03556392353762,1.0023611450005736,0.9979827267601016,-0.02875666631810829
2020-11-17 15:00,2798,76.484,76.510,76.425,76.49,100.00836710681126,100.01869525428168,1.0018344732699935,0.9986178734419945,0.007844777992783103
2020-11-17 16:00,3627,76.493,76.506,76.279,76.31,100.19813916917826,100.22290656532573,1.0042264533328413,1.000546184591414,-0.2392375772946449
2020-11-17 17:00,6630,76.312,76.397,76.269,76.38,100.06965174129346,100.11678449855992,1.0032014766861295,0.999471998045475,0.08910787294265363
2020-11-17 18:00,5193,76.38,76.526,76.372,76.432,99.98272974670289,100.03768055264818,1.0024880544287935,0.998728713417134,0.06808064938466445
2020-11-17 19:00,4389,76.431,76.474,76.339,76.469,99.93095241208849,99.98129961160743,1.0017889496515582,0.9986779061985245,0.04971804634244835
2020-11-17 20:00,3985,76.467,76.474,76.331,76.352,100.04793587594294,100.11852996647117,1.0032710809706127,0.9999731038575509,-0.15039167222461308
2020-11-17 21:00,4465,76.351,76.358,76.217,76.28,100.13450445726266,100.18602517042483,1.0043124315946708,1.0004633943098908,-0.09299157836832256
2020-11-17 22:00,7376,76.278,76.314,76.072,76.142,100.25347377268781,100.31795855112824,1.0066120047730251,1.001327108988105,-0.17829518340807293
2020-11-17 23:00,7069,76.14,76.142,75.897,75.9,100.43293807641626,100.55823451910415,1.010907044935284,1.0027121909013426,-0.315208825847117
2020-11-18 00:00,7668,75.9,76.110,75.898,76.09,100.08253384150343,100.25561834669479,1.0084975152278621,0.9995679335827561,0.25032938076416034
2020-11-18 01:00,4496,76.092,76.126,76.035,76.05,100.0557527942143,100.25049309664702,1.0090354957038288,0.9994431367748031,-0.055196341271094976
2020-11-18 02:00,3175,76.049,76.138,76.030,76.117,99.92485252965824,100.1368945176505,1.0079455243263755,0.9981937086964701,0.08941603439887157
2020-11-18 03:00,1950,76.118,76.138,76.066,76.082,99.95504850030227,100.14379222417924,1.0082977195892304,0.9982294484662879,-0.04729498935862919
2020-11-18 04:00,1865,76.081,76.158,76.078,76.12,99.9629532317393,100.05281135049925,1.0075407654216826,0.9974644894390625,0.05126115587334746
2020-11-18 05:00,2588,76.116,76.132,76.058,76.08,100.01288117770761,100.05428496319671,1.0077569831621909,0.9977109453341277,-0.04729623206684713
2020-11-18 06:00,1973,76.078,76.127,76.046,76.066,100.03549549075797,100.03510109641635,1.0076961215754077,0.9976045383777898,-0.01577328531244309
2020-11-18 07:00,4104,76.062,76.071,76.014,76.028,100.06208239069811,100.05195454306318,1.0078959103358345,0.9978046210473387,-0.04470037600903449
2020-11-18 08:00,3910,76.026,76.054,75.933,76.012,100.06472662211223,100.05591222438568,1.0076540158057974,0.9978003861307374,-0.01841475284770446
2020-11-18 09:00,6722,76.01,76.010,75.698,75.775,100.2866380732431,100.35235895743986,1.0106314456880447,1.00013331841621,-0.3091698460728844
2020-11-18 10:00,4565,75.775,75.821,75.736,75.768,100.21354661598558,100.31913208742485,1.0104398738464901,0.9995683090275455,-0.009237875288690203
2020-11-18 11:00,2996,75.77,75.867,75.765,75.844,100.05458572860076,100.19144559886091,1.0088504816670099,0.9982918104061922,0.09766398310676794
2020-11-18 12:00,2499,75.844,75.907,75.810,75.892,99.95546302640587,100.09842934696682,1.007946360393333,0.997375676184962,0.0632878012763064
2020-11-18 13:00,2442,75.894,75.944,75.864,75.919,99.89541485003745,100.04135987038826,1.0070771361859374,0.9969244971337842,0.032940680422683576
2020-11-18 14:00,4198,75.922,75.933,75.816,75.856,99.99973634254368,100.08964353511927,1.0071764960103817,0.9977301692501114,-0.08693132425384276
2020-11-18 15:00,3797,75.858,75.879,75.776,75.84,100.03982067510537,100.07911392405072,1.0063382908819574,0.9981619728311218,-0.023728545440165415
2020-11-18 16:00,4749,75.84,75.925,75.828,75.888,99.98814041745722,99.992357157917,1.004887346501055,0.9977336212408789,0.06329113924050872
2020-11-18 17:00,6294,75.888,76.118,75.878,76.076,99.78942110521048,99.75156422524853,1.0018598477327676,0.9955440641448275,0.24773350200293612
2020-11-18 18:00,4223,76.078,76.160,76.038,76.058,99.8495884719555,99.78121959557188,1.0019247720234268,0.9958414064193393,-0.02628880885406559
2020-11-18 19:00,3717,76.059,76.084,76.018,76.066,99.89430231640935,99.80898167380967,1.0019394364237442,0.9958348648409456,0.009203381585354792
2020-11-18 20:00,4726,76.065,76.070,75.922,75.976,100.04843634832044,99.95459092344959,1.002980020367179,0.9970107661969978,-0.11700519292710003
2020-11-18 21:00,6403,75.975,76.086,75.974,76.024,100.02104598547817,99.9151583710408,1.0023108988571643,0.9963829346690894,0.06449489963804751
2020-11-18 22:00,5562,76.023,76.024,75.900,75.916,100.121186574635,100.06046156277999,1.0034914159209658,0.9977810431127019,-0.14074687923391516
2020-11-18 23:00,5019,75.916,75.928,75.818,75.888,100.11332489985227,100.09329538266928,1.003672932067636,0.9980822861486813,-0.03688287054111332
2020-11-19 00:00,6899,75.89,75.964,75.830,75.932,100.02001791076214,100.04530369277782,1.0027838639660422,0.99756381553667,0.055343259981554344
2020-11-19 01:00,3768,75.936,75.978,75.901,75.968,99.97051390058961,100.01474304970522,1.0021105757436657,0.997141741021287,0.04214075010534723
2020-11-19 02:00,2934,75.968,76.042,75.965,76.034,99.8863666254569,99.94712891601132,1.001169569043871,0.9963052448551732,0.08687868576242957
2020-11-19 03:00,2782,76.032,76.122,75.972,75.984,99.96999368288049,100.00078963992426,1.0017557516144044,0.9969755602407222,-0.06313131313131552
2020-11-19 04:00,3104,75.984,76.026,75.908,76.003,99.97526413431036,99.96855387287353,1.0014900036639973,0.9967298034488791,0.02500526426616848
2020-11-19 05:00,3473,76.004,76.042,75.827,75.828,100.17856200875654,100.16787993880895,1.0037293923225559,0.9991719106262218,-0.2315667596442318
2020-11-19 06:00,2629,75.827,75.890,75.826,75.846,100.12261688157568,100.12696780318021,1.0033784347522396,0.999150373622624,0.02505703773063085
2020-11-19 07:00,4085,75.845,75.846,75.739,75.808,100.11318066694797,100.14866504854376,1.0039247069190211,0.9995604133849032,-0.04878370360602799
2020-11-19 08:00,2196,75.808,75.875,75.794,75.813,100.06146703072021,100.12847400841554,1.0039117256875962,0.9993370575026209,0.0065956099620032875
2020-11-19 09:00,8539,75.814,75.854,75.680,75.704,100.12654549297253,100.24833562295264,1.005577244534489,1.0002718519465412,-0.1450919355264192
2020-11-19 10:00,5063,75.704,75.768,75.678,75.744,100.05148922686938,100.17057456696247,1.0051470545094152,0.9994948973283528,0.05283736658565763
2020-11-19 11:00,3446,75.743,75.760,75.674,75.692,100.07953284362937,100.20292765417756,1.0060018917488858,0.9998217091600603,-0.06733295486051771
2020-11-19 12:00,3172,75.694,75.708,75.625,75.639,100.10497230264801,100.22091778051015,1.0069206522857757,0.9999792274059168,-0.0726609770919846
2020-11-19 13:00,2581,75.64,75.714,75.608,75.698,99.996565298951,100.10502258976469,1.005899458496649,0.9989368647879813,0.0766790058170184
2020-11-19 14:00,2573,75.698,75.734,75.666,75.674,100.02035045061703,100.09329492295906,1.0059856853145033,0.9989790317613736,-0.0317049327591042
2020-11-19 15:00,3433,75.675,75.779,75.651,75.772,99.89837934857192,99.95644829224523,1.0042963984758617,0.9976871838500622,0.12817971589033159
2020-11-19 16:00,3772,75.772,75.840,75.692,75.71,99.98494254391747,100.02034077400617,1.004936137678063,0.99833555694616,-0.08182442063032759
2020-11-19 17:00,7111,75.71,75.765,75.534,75.558,100.16464173217913,100.18846449085477,1.0067999886898025,0.9998849420918476,-0.2007660810989127
2020-11-19 18:00,5488,75.558,75.642,75.516,75.614,100.06824133097034,100.08794667654146,1.0059689509066956,0.9988304248702761,0.07411524921252201
2020-11-19 19:00,5949,75.614,75.686,75.518,75.637,100.02802861033612,100.04865343681013,1.0055621340027243,0.9982957662312874,0.030417647525585383
2020-11-19 20:00,5074,75.638,75.700,75.568,75.672,99.9553335447721,99.99286393910572,1.004860654776828,0.9977268280437657,0.04495095058038527
2020-11-19 21:00,4157,75.674,75.691,75.611,75.638,99.98122636769868,100.03067241333731,1.0049579272863096,0.9980934490060291,-0.04757248196210239
2020-11-19 22:00,5531,75.64,75.656,75.524,75.634,100.00661078350998,100.03530158394382,1.0043551887759832,0.9982732587476163,-0.007932310946589407
2020-11-19 23:00,6916,75.634,75.653,75.510,75.61,100.03729665388168,100.05541595027123,1.0040947878024213,0.9986746871347554,-0.031731760848296944
2020-11-20 00:00,7858,75.61,75.640,75.478,75.538,100.10643649553859,100.13278085202163,1.0043031024977485,0.9997597532834469,-0.09522549927258661
2020-11-20 01:00,4260,75.536,75.550,75.432,75.446,100.16859740741717,100.21167457519297,1.005525709413898,1.000474608694417,-0.11914848549036672
2020-11-20 02:00,2845,75.445,75.540,75.406,75.525,100.03389606090691,100.08235683548503,1.004165101755692,0.9993118926170309,0.10603751076945127
2020-11-20 03:00,2030,75.526,75.581,75.524,75.554,99.97432300076755,100.043412658496,1.003494857340064,0.9988769561972726,0.03707332574213622
2020-11-20 04:00,3146,75.556,75.684,75.546,75.676,99.83059358317026,99.89032189862053,1.0015587910571837,0.997403891959888,0.15882259516121097
2020-11-20 05:00,3830,75.676,75.728,75.613,75.703,99.83857971282501,99.86341360315983,1.0011997952613834,0.9970486228990583,0.035678418521064834
2020-11-20 06:00,2787,75.704,75.717,75.546,75.604,100.01111052325264,99.98518596899646,1.0023197334506417,0.998360124757918,-0.13209341646411593
2020-11-20 07:00,7613,75.592,75.593,75.467,75.496,100.14649782769938,100.10940977005416,1.003727892588412,0.9995544005132085,-0.1269975658799921
2020-11-20 08:00,3966,75.496,75.572,75.408,75.45,100.17998674618941,100.14605699138512,1.0044283983019107,0.9998247494780756,-0.06093038041749532
2020-11-20 09:00,5472,75.45,75.663,75.450,75.587,99.97486340243681,99.96150131636402,1.0024747975901136,0.9979988288271265,0.18157720344599132
2020-11-20 10:00,4779,75.588,75.702,75.556,75.7,99.82483487450452,99.8336856010569,1.001028375323522,0.9964934212418668,0.14817166746045535
2020-11-20 11:00,3294,75.701,75.702,75.592,75.616,99.93890181972058,99.96707046127813,1.0018049224726175,0.9977295675823968,-0.11228385358184667
2020-11-20 12:00,2998,75.614,75.698,75.606,75.654,99.93047294260704,99.93390964126164,1.001181343220471,0.9972747859993979,0.052900256566233816
2020-11-20 13:00,2677,75.656,75.735,75.638,75.725,99.90940904588963,99.86279300099055,1.0004737004613262,0.9963292047879304,0.09120228402240192
2020-11-20 14:00,3320,75.726,75.802,75.694,75.718,99.95324757653388,99.87757204363568,1.0007364511198809,0.996388406905951,-0.01056440324326594
2020-11-20 15:00,3594,75.716,75.747,75.679,75.724,99.95166657862754,99.87243146162389,1.0008091098069238,0.9962723967167666,0.010565798510235324
2020-11-20 16:00,5172,75.723,75.786,75.629,75.656,100.05207782594891,99.96907052976638,1.0016854994841013,0.9971698457628049,-0.08848038244653945
2020-11-20 17:00,5306,75.658,75.732,75.629,75.694,100.01241842153925,99.94504187914507,1.0012641402186437,0.9966617191625481,0.047582542493855726
2020-11-20 18:00,5340,75.696,75.780,75.625,75.634,100.06769442314294,100.04865536663414,1.0020584370747285,0.997452364945526,-0.08190657366307019
2020-11-20 19:00,4137,75.632,75.785,75.628,75.742,99.93134588471382,99.92646088035707,1.0008284897605728,0.9960054993075788,0.14544108313941112
2020-11-20 20:00,4050,75.74,75.921,75.730,75.892,99.77810572919405,99.75425604806838,0.9994801971517332,0.9938735160196152,0.20068655928175472
2020-11-20 21:00,3465,75.894,75.936,75.854,75.916,99.81505874914372,99.76223720954745,0.9996402307129463,0.9937024111543803,0.028987798771960047
2020-11-20 22:00,4331,75.918,75.930,75.805,75.852,99.94093761535613,99.8725148974319,1.0007636562981628,0.9946919678119459,-0.08693590452857358
2020-11-20 23:00,6219,75.852,75.977,75.834,75.874,99.97522207870936,99.86319424308729,1.000779389370053,0.9945193954574235,0.029003849601844853
2020-11-21 00:00,6589,75.874,75.922,75.798,75.895,99.98787798932727,99.85888398445228,1.0008454829894018,0.9941897630742383,0.027677465271372007
2020-11-21 01:00,3898,75.898,75.956,75.886,75.931,99.95074475510653,99.8388010167126,1.00076137693436,0.9936282662943607,0.04347940657197983
2020-11-21 02:00,2680,75.932,75.950,75.854,75.902,99.98524413058935,99.90935680219238,1.0014190520297057,0.9941252024036422,-0.03950903439920078
2020-11-21 03:00,1721,75.9,75.920,75.864,75.888,100.01317731393624,99.95335230866547,1.001667669472123,0.9947612784511314,-0.015810276679842493
2020-11-21 04:00,1718,75.889,75.925,75.882,75.911,99.99262294002177,99.95955790333426,1.0012561546745522,0.9951751925610257,0.028989708653435375
2020-11-21 05:00,2356,75.913,75.922,75.850,75.9,100.0084321475625,99.99486166007912,1.0014614613830073,0.9956716084457139,-0.01712486662362312
2020-11-21 06:00,2707,75.899,75.902,75.814,75.855,100.0477226286994,100.04930459429183,1.0021248591424474,0.9963973213334599,-0.057971778284294825
2020-11-23 07:00,8463,75.802,75.858,75.782,75.811,100.08178232710287,100.09352204825166,1.002612546681133,0.9973267761084348,0.011873037650722066
2020-11-23 08:00,3985,75.811,75.944,75.806,75.925,99.94125782021726,99.95284820546601,1.0011913791326295,0.996102002493975,0.15037395628601402
2020-11-23 09:00,3459,75.924,76.004,75.906,75.982,99.88497275670547,99.89207970308766,1.0006949103215175,0.9954383844061807,0.07639218165532996
2020-11-23 10:00,4142,75.983,76.012,75.936,75.978,99.91076364210686,99.90826291821327,1.000940539026973,0.995640050090929,-0.0065804193043307885
2020-11-23 11:00,2510,75.979,75.988,75.905,75.918,100.00632261123836,99.98551068257865,1.0017770059811448,0.9966370723665451,-0.08028534200238598
2020-11-23 12:00,1874,75.918,75.944,75.897,75.908,100.04505453970589,99.99947304631931,1.001778476306057,0.997230850774092,-0.013172106746759813
2020-11-23 13:00,1640,75.908,75.913,75.859,75.87,100.08066429418736,100.04718597601168,1.0021313458958507,0.9981111742043196,-0.05006059967328437
2020-11-23 14:00,1660,75.87,75.901,75.856,75.9,100.0194993412384,100.00619235836635,1.0012584391690604,0.9985439323724407,0.039541320680112214
2020-11-23 15:00,1985,75.9,75.917,75.820,75.853,100.04851489064367,100.06196195272443,1.001637899394496,0.9995499244226236,-0.061923583662728925
2020-11-23 16:00,3943,75.852,75.970,75.852,75.951,99.92811154560171,99.94549117193988,1.000426578047073,0.998256783593985,0.1305173232083393
2020-11-23 17:00,5295,75.95,76.086,75.932,76.079,99.80493960225549,99.81256325661491,0.9992554646202796,0.9962794398868772,0.1698485845951161
2020-11-23 18:00,3963,76.08,76.138,76.032,76.084,99.85463435150615,99.82690184532893,0.9996048696028996,0.9961038207919262,0.005257623554159948
2020-11-23 19:00,2986,76.084,76.102,76.028,76.054,99.93452020932487,99.87574618034563,1.0002501982129193,0.9964823865295,-0.0394301035697402
2020-11-23 20:00,3211,76.054,76.074,75.974,76.003,100.04105101114422,99.94605476099638,1.0010249887679847,0.9971895553947451,-0.06705761695637565
2020-11-23 21:00,2773,76.002,76.082,75.995,76.016,100.04104399073871,99.94185434645345,1.0009645054233014,0.9970201293904214,0.018420567879805803
2020-11-23 22:00,4622,76.017,76.060,75.894,75.956,100.08768234240868,100.02712096476915,1.0017795694536604,0.997854429177125,-0.08024520830865838
2020-11-23 23:00,7678,75.955,76.022,75.885,75.988,100.02026635784591,100.00052639890518,1.0014118128592546,0.9975117013798351,0.04344677769732243
2020-11-24 00:00,11314,75.988,76.075,75.830,76.068,99.91875690171945,99.91744228847882,1.0005662180537103,0.996461441408875,0.10527978101805323
2020-11-24 01:00,8506,76.066,76.108,75.962,76.006,100.00105254848295,100.01907744125474,1.001443901492797,0.9973522461797546,-0.07887886835117171
2020-11-24 02:00,3916,76.004,76.037,75.952,76.018,99.98579283853816,100.01210239680086,1.0013147919170766,0.9973802539931019,0.0184200831535127
2020-11-24 03:00,2390,76.019,76.074,75.986,76.066,99.95162096074455,99.9472826229854,1.0006805684203242,0.9970884742531431,0.061826648601003745
2020-11-24 04:00,2754,76.066,76.188,76.056,76.179,99.85350293387934,99.81149660667649,0.999654115309785,0.9954849650141882,0.14855520206136716
2020-11-24 05:00,2858,76.176,76.220,76.136,76.172,99.88998582156168,99.83616026886531,1.0001039434329844,0.9954679202439569,-0.005250997689567434
2020-11-24 06:00,2564,76.171,76.218,76.160,76.178,99.92727559137803,99.8512693953636,1.0003550626900004,0.9953221669563539,0.009189849155178205
2020-11-24 07:00,5541,76.18,76.192,76.105,76.128,100.02180538041188,99.93156263135783,1.001162641475813,0.9961011773556282,-0.0682593856655378
2020-11-24 08:00,4032,76.128,76.334,76.128,76.253,99.90688890928877,99.80669612998845,0.9999639809126066,0.9944782049686043,0.16419714165615804
2020-11-24 09:00,4750,76.254,76.394,76.254,76.338,99.8373025229898,99.74141318871348,0.9994423806976799,0.993392118503242,0.11015815563772256
2020-11-24 10:00,7172,76.338,76.496,76.336,76.386,99.8305972298588,99.7203676066296,0.9994782876407885,0.9927401817122339,0.06287825198459722
2020-11-24 11:00,4104,76.385,76.484,76.351,76.468,99.79939321023164,99.67385049955547,0.9991439752795218,0.9917424085673153,0.10866007724029376
2020-11-24 12:00,3545,76.468,76.545,76.440,76.496,99.85907759882863,99.69985358711577,0.9995643154254436,0.9913057954300257,0.03661662394726106
2020-11-24 13:00,2760,76.498,76.511,76.442,76.467,99.95292086782526,99.79010553572138,1.0005558134050785,0.9915767405070663,-0.040523935266289196
2020-11-24 14:00,3517,76.466,76.480,76.360,76.382,100.07567227880905,99.92773166452838,1.001997262326956,0.9927423360077298,-0.10985274501084008
2020-11-24 15:00,2612,76.385,76.494,76.385,76.452,100.0013080102547,99.87286140323349,1.0015191412869158,0.991914647233986,0.0877135563264948
2020-11-24 16:00,3101,76.454,76.550,76.430,76.462,99.98666004028134,99.89694227197833,1.001753351387885,0.9920200262376019,0.010463808303044678
2020-11-24 17:00,8432,76.464,76.812,76.463,76.745,99.68284578799911,99.60896475340421,0.9991954310406781,0.9881757332045488,0.3674931994141111
2020-11-24 18:00,4571,76.748,76.779,76.670,76.691,99.81145114811375,99.7362141581151,1.0005773256095767,0.9891515865183128,-0.07426903632668233
2020-11-24 19:00,3699,76.69,76.726,76.600,76.626,99.95980476600622,99.85840315297688,1.0018191670432968,0.9904302000122713,-0.08345286217237313
2020-11-24 20:00,3694,76.626,76.741,76.621,76.662,99.96765020479498,99.84751245728009,1.0018105825762809,0.990278066297998,0.04698144233028132
2020-11-24 21:00,5034,76.662,76.762,76.631,76.715,99.96454409176818,99.81072801929227,1.0015133732926889,0.9901232036479352,0.06913464297826467
2020-11-24 22:00,4796,76.715,76.774,76.680,76.692,99.98070202889473,99.86621811923028,1.002023005364104,0.9910897052184858,-0.029981098872463464
2020-11-24 23:00,8115,76.692,76.786,76.578,76.768,99.9017819924968,99.80656002501054,1.0013626779190732,0.99069130290627,0.09909768945914518
2020-11-25 00:00,7729,76.769,76.866,76.670,76.856,99.84724679920886,99.75395544915177,1.0008157849780508,0.9898381652665619,0.11332699396890553
2020-11-25 01:00,4211,76.856,76.936,76.837,76.889,99.86343950370008,99.76797721390588,1.0009215878742992,0.9898105064434827,0.04293744144894511
2020-11-25 02:00,2707,76.892,76.910,76.838,76.838,99.96173768187607,99.88313074260144,1.0018471698002638,0.9910651912710804,-0.07022837226239667
2020-11-25 03:00,2184,76.84,76.898,76.830,76.871,99.96539657348015,99.8566429472754,1.0014890441097002,0.9915343327164101,0.040343571056730476
2020-11-25 04:00,1945,76.87,76.900,76.820,76.899,99.96306844042175,99.84733221498338,1.0013518733394817,0.9917858787769301,0.037726030961358605
2020-11-25 05:00,3803,76.9,76.916,76.871,76.89,99.98361295356993,99.89335414228128,1.0016895981013358,0.9923993601507121,-0.013003901170357757
2020-11-25 06:00,2583,76.892,76.920,76.842,76.887,99.98699390013907,99.92651553578638,1.001910780767043,0.9929075890483999,-0.006502627061326865
2020-11-25 07:00,10911,76.874,76.898,76.852,76.888,99.99869940692945,99.9477161585684,1.0021063355920634,0.9932323388434782,0.018211619012943263
2020-11-25 08:00,4256,76.888,77.005,76.880,76.988,99.89920507092005,99.8563412479868,1.0012018479856941,0.9921841342453022,0.13005930704400467
2020-11-25 09:00,4770,76.988,77.044,76.918,76.926,99.98674050386074,99.95736162025854,1.002137638418153,0.993451629189677,-0.08053203096586171
2020-11-25 10:00,5028,76.925,76.994,76.886,76.926,99.99610014819426,99.96646127447167,1.0019689560879246,0.9943274846473266,0.0012999675008186868
2020-11-25 11:00,5184,76.928,76.974,76.871,76.918,100.01456096102332,99.98062872149572,1.0018909887381184,0.9952189205158912,-0.01299916805323277
2020-11-25 12:00,4290,76.916,76.945,76.822,76.88,100.06191467221632,100.03550988553602,1.0019664087615774,0.9966743300521576,-0.04680430599615342
2020-11-25 13:00,2665,76.881,76.897,76.822,76.828,100.08798875409997,100.0976206591348,1.0026521691526242,0.9974493563328751,-0.0689377089267794
2020-11-25 14:00,4888,76.83,76.858,76.626,76.65,100.24840182648391,100.29758643183311,1.0050383028766083,0.99965445641889,-0.23428348301443788
2020-11-25 15:00,4061,76.65,76.740,76.570,76.636,100.19103293491303,100.28276528002517,1.0052031283247138,0.9998689004868103,-0.018264840182661453
2020-11-25 16:00,3816,76.636,76.806,76.636,76.798,99.94843615719151,100.05963696971286,1.0029849702078275,0.9980345875931563,0.21138890338744995
2020-11-25 17:00,6125,76.8,76.842,76.654,76.714,100.01459968193542,100.14651823656709,1.0040842442876383,0.9991250786521114,-0.11197916666666474
2020-11-25 18:00,4232,76.714,76.764,76.640,76.697,100.00260766392417,100.13077434580242,1.00430025829052,0.9993595980271969,-0.022160231509236787
2020-11-25 19:00,3405,76.698,76.767,76.649,76.672,100.04095367278791,100.13029528380643,1.0047126455811526,0.9994753239514009,-0.03389918902708839
2020-11-25 20:00,3733,76.671,76.704,76.644,76.692,100.02946852344436,100.07367130861115,1.0044572366204865,0.9989942315900173,0.027389756231152043
2020-11-25 21:00,2995,76.692,76.758,76.688,76.698,99.99556702912717,100.03715872643365,1.0043154510009384,0.9987302607516492,0.007823501799405712
2020-11-25 22:00,4472,76.699,76.788,76.685,76.698,99.9913948212469,100.01342929411467,1.004297035983141,0.9985661416746858,-0.0013037979634738064
2020-11-25 23:00,6046,76.697,76.716,76.537,76.548,100.14840361603167,100.1728327324033,1.0063817818232454,0.9999841585017787,-0.19427096235837243
2020-11-26 00:00,8272,76.548,76.772,76.456,76.748,99.90722885286904,99.92455829467877,1.003603073701919,0.9973376674248853,0.26127397188692436
2020-11-26 01:00,4682,76.749,76.830,76.689,76.819,99.84795428214368,99.85602520209852,1.0025732889882453,0.9964256565851148,0.09120640008339835
2020-11-26 02:00,2356,76.82,76.826,76.790,76.82,99.87841707888565,99.85758916948721,1.002460998692467,0.9964247081547077,0.0
2020-11-26 03:00,2318,76.82,76.885,76.819,76.842,99.88730121548106,99.84565732281834,1.0020977731862024,0.9961557860652482,0.028638375423074163
2020-11-26 04:00,3148,76.842,76.939,76.794,76.912,99.89104431038062,99.78273871437496,1.0009789303258239,0.9953571420686005,0.09109601520003044
2020-11-26 05:00,2333,76.912,76.988,76.885,76.94,99.90460098778262,99.78125812321301,1.0006508158702432,0.9949769460221405,0.036405242354888165
2020-11-26 06:00,1593,76.941,76.959,76.924,76.944,99.93189852360152,99.80882200041599,1.0006451667677423,0.9949022443364374,0.003899091511677927
2020-11-26 07:00,9105,76.895,76.935,76.874,76.91,99.99947991158491,99.88050968664682,1.0010689717827759,0.995350219479739,0.019507120098836817
2020-11-26 08:00,2945,76.91,76.920,76.868,76.881,100.04734589820627,99.94198826758246,1.0014485110350055,0.9957250428989968,-0.03770641008971052
2020-11-26 09:00,2594,76.88,76.892,76.834,76.844,100.07781999895886,100.02862943105522,1.0019530608416611,0.9962029435308343,-0.04682622268470521
2020-11-26 10:00,2778,76.842,76.920,76.821,76.87,100.0257577728632,100.01066736047883,1.0017085334620535,0.9960578253255103,0.036438406080015875
2020-11-26 11:00,2570,76.87,76.874,76.788,76.838,100.03982404539413,100.05479059840192,1.0021278216151648,0.9967334189168644,-0.041628723819449306
2020-11-26 12:00,2586,76.836,76.896,76.796,76.828,100.03149893268073,100.06885510490974,1.0022845579692192,0.996875904362223,-0.010411786141906874
2020-11-26 13:00,1930,76.827,76.844,76.768,76.776,100.07189746795868,100.12803480254256,1.0029628119225358,0.9976324261727032,-0.06638291225741202
2020-11-26 14:00,2675,76.776,76.806,76.738,76.804,100.02499869798443,100.07746992344156,1.0025964150258555,0.9974087930362255,0.03646973012400463
2020-11-26 15:00,2433,76.806,76.879,76.788,76.824,99.98698323440586,100.03631677600757,1.0023122781633371,0.9973701127561682,0.023435669088353362
2020-11-26 16:00,3088,76.825,76.894,76.798,76.807,100.00104157173169,100.04062129753805,1.0025039476503066,0.9977707668939416,-0.023429873088188325
2020-11-26 17:00,4218,76.808,76.849,76.686,76.703,100.10403765172151,100.14927708173092,1.0038580619955213,0.9991353020189248,-0.1367045099468857
2020-11-26 18:00,3215,76.704,76.795,76.694,76.744,100.04221828416546,100.07792140102167,1.0032859821470579,0.9986972347819535,0.05214851898206906
2020-11-26 19:00,2693,76.744,76.819,76.718,76.798,99.97031172686782,100.00156254069125,1.0020804671536874,0.9988205979782178,0.07036380694256494
2020-11-26 20:00,2137,76.797,76.814,76.751,76.778,99.98437052280593,100.01562947719407,1.0023165095605753,0.999144846557063,-0.024740549761046976
2020-11-26 21:00,2852,76.778,76.780,76.666,76.754,100.0018240091721,100.03595903796554,1.0026502927950027,0.999352208703291,-0.0312589543879769
2020-11-26 22:00,2161,76.754,76.778,76.702,76.705,100.0662277556873,100.08382765139179,1.003364270515657,0.9997672072237347,-0.06384032102562288
2020-11-26 23:00,2617,76.706,76.752,76.690,76.712,100.04875378037327,100.06635207008041,1.0032949843368424,0.9994842418598416,0.007822073892525
2020-11-27 00:00,2218,76.711,76.793,76.709,76.771,99.9648304698388,99.98515064282095,1.00236449219517,0.9986918962848553,0.07821564052091913
2020-11-27 01:00,1595,76.773,76.774,76.736,76.764,99.97029857745812,99.98645198270036,1.0021890694132436,0.9988205184143842,-0.011722871321949569
2020-11-27 02:00,1553,76.763,76.788,76.730,76.766,99.97082041528795,99.97850610947565,1.0018296178289665,0.9988959638087376,0.00390813282440774
2020-11-27 03:00,2526,76.768,76.782,76.755,76.768,99.9846290120883,99.98436848686964,1.0015411994973673,0.9989472852879603,0.0
2020-11-27 04:00,3634,76.769,76.770,76.746,76.752,100.01589535126114,100.00625390869304,1.001549381121039,0.9991880589456694,-0.022144355143365314
2020-11-27 05:00,1910,76.752,76.849,76.702,76.702,100.06310135328928,100.05892936298932,1.0021249229189333,0.9997316127646214,-0.06514488221804925
2020-11-27 06:00,4193,76.704,76.832,76.690,76.76,99.98645127670653,99.98097967691515,1.001147755879693,0.9990528694459975,0.07300792657490039
2020-11-27 07:00,3812,76.772,76.772,76.670,76.703,100.04432681902915,100.0486291279351,1.001776340411683,0.9997346826252256,-0.08987651748033477
2020-11-27 08:00,1807,76.704,76.734,76.677,76.698,100.03259537406444,100.05423870244346,1.0017336895376463,0.9997383175551074,-0.007822277847309433
2020-11-27 09:00,3211,76.7,76.718,76.631,76.645,100.07384695674855,100.11468458477404,1.002508561219137,1.0001765454414413,-0.07170795306389416
2020-11-27 10:00,4081,76.646,76.655,76.530,76.573,100.13425097619258,100.18296266307978,1.0036189209877917,1.0006475959307044,-0.09524306552202007
2020-11-27 11:00,3466,76.572,76.639,76.499,76.623,100.03314931547958,100.09918692820703,1.0028685113914335,0.9998278069464025,0.06660398056731172
2020-11-27 12:00,3444,76.624,76.668,76.605,76.61,100.0258451899229,100.09580994648229,1.0029659311841976,0.9998130793888343,-0.018271037794941263
2020-11-27 13:00,2404,76.61,76.684,76.599,76.658,99.95277727047397,100.0187847321872,1.0023420635793696,0.9991241891274578,0.06265500587390918
2020-11-27 14:00,2709,76.658,76.712,76.642,76.712,99.89988528522257,99.9431640421317,1.0016057197728465,0.9984099231513373,0.07044274570169068
2020-11-27 15:00,2711,76.71,76.793,76.700,76.781,99.86428934241536,99.86363813964402,1.0006663637784192,0.9975298045444728,0.09255638117587299
2020-11-27 16:00,2444,76.782,76.794,76.722,76.752,99.9356368563685,99.9003283302065,1.0009968925877173,0.9979203994698186,-0.03907165741970923
2020-11-27 17:00,3624,76.754,76.832,76.712,76.806,99.91641278025148,99.84350180975457,1.0004033510212214,0.9971762651545982,0.06774891210880539
2020-11-27 18:00,2602,76.807,76.812,76.702,76.742,100.02163091918368,99.93250110760742,1.0012691515585845,0.9980245858993915,-0.08462770320413207
2020-11-27 19:00,2422,76.745,76.754,76.662,76.735,100.03674985339148,99.95334593080094,1.0013793365387769,0.998126755857131,-0.013030164831591785
2020-11-27 20:00,2407,76.734,76.792,76.720,76.772,99.98619288282178,99.93109466993187,1.000898533117746,0.9976452067874276,0.04952172439858591
2020-11-27 21:00,3103,76.772,76.822,76.721,76.787,99.97577714977788,99.9329313555681,1.0007459662203593,0.9974373200129877,0.019538373365290167
2020-11-27 22:00,3749,76.788,76.890,76.760,76.86,99.8948737965131,99.8705438459538,1.0000276272227322,0.9963801271358416,0.09376465072667961
2020-11-27 23:00,4374,76.86,76.934,76.860,76.92,99.86323452938113,99.82670306812282,0.9996538436717488,0.9953942582523279,0.07806401249024496
2020-11-28 00:00,4735,76.922,76.954,76.880,76.929,99.90198754695882,99.84323207113064,0.9999326505890866,0.9951121309627338,0.009100127401790128
2020-11-28 01:00,3742,76.929,76.941,76.842,76.858,100.01665408935953,99.94548387936204,1.0010390279658834,0.9960517107991118,-0.0922928934472019
2020-11-28 02:00,2174,76.858,76.904,76.835,76.893,99.99869949150113,99.91832806627401,1.00080512763999,0.9955495470378088,0.04553852559264694
2020-11-28 03:00,1311,76.892,76.894,76.820,76.84,100.06246746486201,99.99167100468516,1.0016113067669126,0.9962986359712445,-0.06762732143785113
2020-11-28 04:00,1859,76.842,76.894,76.839,76.865,100.01561178689909,99.9751512391857,1.0014314289492263,0.996045966484326,0.029931547851430384
2020-11-28 05:00,2098,76.864,76.905,76.840,76.844,100.02082140440368,100.0166571235231,1.0017622323206796,0.9965200018160129,-0.026019983347223972
2020-11-28 06:00,7894,76.844,76.941,76.818,76.88,99.97970863683659,99.98387096774205,1.001246600640289,0.9964992370288056,0.0468481599083876
