Datetime,Volume,SMA5,SMA10,BBANDS+σ,BBANDS-σ,Rate
2019-06-11 06:00,86291,100.10974940552408,99.79751234680813,100.53966470026995,99.0553599933463,-203.53586520996961
2019-06-12 06:00,93436,100.36351291837934,100.13753302994715,100.8547077521227,99.4203583077716,-327.38911751256506
2019-06-13 06:00,86300,100.21952024647891,100.15551643192491,100.60959981073228,99.70143305311753,63.31030306367055
2019-06-14 06:00,87357,100.40741967538924,100.48065952670126,100.9947615079561,99.96655754544643,-304.54245248404624
2019-06-17 06:00,94541,100.28352342290101,100.4934043982952,101.09154644993367,99.89526234665671,-43.246227456764124
2019-06-18 06:00,159499,100.31230976406135,100.63670239259164,101.36576149715214,99.90764328803115,-202.50740993022595
2019-06-19 06:00,135195,99.97700705423578,100.29164252407361,101.0293068872061,99.55397816094113,320.1638648484012
2019-06-20 06:00,192421,99.53210379387676,99.78454075328361,100.47442079461905,99.09466071194815,507.80567233654307
2019-06-21 06:00,168683,99.16348218510032,99.22635294973976,100.0273430732713,98.42536282620824,573.7502402064359
2019-06-22 06:00,2,99.39621680147768,99.25864594611807,100.14875513667295,98.36853675556318,2.7296549716116916
2019-06-24 06:00,124427,99.32147192578775,98.92268947149093,100.05355527305426,97.79182366992762,453.1887012230547
2019-06-25 06:00,197289,99.99271893259557,99.46393141234505,100.64844913910005,98.27941368559007,-460.21996339983855
2019-06-26 06:00,146878,99.85392850662316,99.25730357466884,100.53019651091593,97.98441063842176,303.95136778115796
2019-06-27 06:00,141836,99.80049287862869,99.27354763889392,100.56295698118898,97.98413829659886,136.08898405037624
2019-06-28 06:00,136345,99.81316363570535,99.35096088566229,100.5866558759872,98.11526589533737,75.18933217378557
2019-07-01 06:00,145379,100.32370889880686,100.09217597231077,101.03642165912817,99.14793028549337,-661.412763185272
2019-07-02 06:00,128163,100.60059236507246,100.5169482229048,101.23473121680607,99.79916522900353,-370.67732857312967
2019-07-03 06:00,113667,100.48378983949891,100.56838447116922,101.25816005234631,99.87860888999217,-48.446955154570716
2019-07-04 06:00,52619,100.2218445626154,100.43336439888164,101.17976347751498,99.6869653202483,164.7355993630156
2019-07-05 06:00,116893,100.08356265827997,100.44661223818099,101.25058897468347,99.64263550167851,-74.91252592246886
2019-07-08 06:00,94376,99.9974404446314,100.34215770517578,101.11571307572433,99.56860233462723,78.67676656786193
2019-07-09 06:00,96065,99.87805545920888,100.16310995089358,100.94046778983923,99.38575211194795,135.2709989946169
2019-07-10 06:00,114152,99.87756814947276,100.05829653687553,100.77857161870747,99.33802145504357,41.0707603566783
2019-07-11 06:00,116950,99.92681546912932,100.01031153614512,100.59320142724224,99.427421645048,-8.2120534695929
2019-07-12 06:00,110378,99.91864950888751,99.87788306322902,100.13049707361465,99.6252690528434,56.57605372899852
2019-07-15 06:00,88327,99.99215414370694,99.89535817246286,100.09727180966041,99.69344453526531,9.123921096322059
2019-07-16 06:00,108406,100.03267317696454,99.94989504426394,100.14434650080126,99.75544358772662,-36.49302070979496
2019-07-17 06:00,93406,100.21314939668662,100.18195457081957,100.38675217856027,99.97715696307885,-234.55325362780943
2019-07-18 06:00,136542,100.15660159894625,100.1623643914308,100.39047989636467,99.93424888649692,-20.119988293817094
2019-07-19 06:00,119158,99.81860113214775,99.844033435731,100.08304156192271,99.60502530953931,337.49794208571876
2019-07-22 06:00,86498,99.73198598024494,99.75601984614684,100.03247742372466,99.47956226856903,148.6114403457237
2019-07-23 06:00,95673,99.77842512517073,99.77806099226217,100.09139921138303,99.4647227731413,9.104151493072566
2019-07-24 06:00,104728,99.87401345434358,99.79727453961202,100.13849102987378,99.45605804935026,9.10390284314058
2019-07-25 06:00,169045,100.12824137836682,99.99854063865298,100.33936791235911,99.65771336494686,-192.08360643798568
2019-07-26 06:00,118433,100.28095638504007,100.18252111285778,100.54498355513897,99.8200586705766,-201.58164056441893
2019-07-29 06:00,61561,99.98760311745139,99.92343101955242,100.28851162003387,99.55835041907096,309.05117631460485
2019-07-30 06:00,88804,99.98522868188785,99.96279816179153,100.32751458888794,99.59808173469511,-20.967227312089097
2019-07-31 06:00,123745,100.14954022778382,100.21763770314985,100.55987863936515,99.87539676693451,-226.17419060647936
2019-08-01 06:00,184467,100.84853964095282,101.06062842487869,101.82286516471035,100.29839168504702,-956.6448901274586
2019-08-02 06:00,231832,100.57968076086559,100.84804807018837,101.79163769137133,99.90445844900539,94.09073298524957
2019-08-03 06:00,2,100.36349560376772,100.72984829772722,101.76019869315114,99.69949790230329,-6.451077790786941
2019-08-05 06:00,234286,99.89599794200879,100.32091801109844,101.31324785576852,99.32858816642836,480.96895396176325
2019-08-06 06:00,232915,99.642732691426,100.05777166437413,100.96321805129595,99.15232527745229,141.41933588010244
2019-08-07 06:00,247641,99.8384520771759,100.08986103207091,100.93966853352548,99.24005353061635,-56.87655951856525
2019-08-08 06:00,147199,99.99669239250281,100.13478500551265,100.9599021329179,99.30966787810739,-105.54816208525988
2019-08-09 06:00,123670,100.1810920735411,100.1928704197876,100.903690047875,99.48205079170017,-142.42527267546973
2019-08-12 06:00,141745,100.17193770479736,100.12591583520485,100.65368972369188,99.59814194671782,155.79626642084457
2019-08-13 06:00,214895,99.61428323101839,99.5131881101159,99.99998310670829,99.02639311352353,617.6817144119525
2019-08-14 06:00,214741,100.03473690014522,99.99531327537723,100.42763787146092,99.56298867929351,-422.7672035139123
2019-08-15 06:00,265437,100.1323150533677,100.13811188811188,100.5392056129685,99.73701816325524,-84.5805905931662
2019-08-16 06:00,180792,100.094359578049,100.11054601638875,100.46506414478127,99.75602788799624,76.39208467556227
2019-08-19 06:00,120594,100.18668876001107,100.18576820399518,100.56157051509427,99.80996589289613,71.85496351977739
2019-08-20 06:00,127326,100.07752508977077,100.16370499953962,100.5314707618702,99.79593923720904,-20.251859488921838
2019-08-21 06:00,113241,100.11593828912689,100.21915838755457,100.60309882935981,99.83521794574935,-104.03336432852407
2019-08-22 06:00,140587,100.30738235185393,100.44009463605778,100.92051393318204,99.95967533893356,-295.7843814789331
2019-08-23 06:00,201128,100.16959485673115,100.3515675515897,100.8858812680993,99.8172538350801,61.00266193434126
2019-08-26 06:00,288069,99.98634850064109,100.18678571757998,100.7346639346276,99.63890750053234,401.00018521947834
2019-08-27 06:00,171803,100.43224483356998,100.6481816578974,101.20463244663766,100.09173086915712,-629.8065396602851
2019-08-28 06:00,153710,100.03811003811005,100.26131276131274,100.79953438807159,99.72309113455388,324.80187085878407
2019-08-29 06:00,156335,100.12856375391344,100.33039402752817,100.88449211695054,99.77629593810579,-113.79932460562563
2019-08-30 06:00,155206,100.52422735147826,100.76678030514724,101.47784514249953,100.05571546779493,-568.6659504315843
2019-09-02 06:00,93696,100.43107629173664,100.76496922216,101.59510438215693,99.93483406216306,19.589734978871814
2019-09-03 06:00,148515,100.22802637952238,100.52051119639329,101.34670253601593,99.69431985677065,102.5679279413679
2019-09-04 06:00,129077,99.24715424673948,99.46421494078066,100.27904784757891,98.64938203398242,1095.7985072540762
2019-09-05 06:00,159413,99.36369503088413,99.51166221074949,100.37097183540602,98.65235258609296,-23.964017106617987
2019-09-06 06:00,140952,99.71276576093985,99.69327816465633,100.55620124554116,98.83035508377147,-161.366172117767
2019-09-09 06:00,111813,100.03755851172085,99.8264537734278,100.6486679029348,99.0042396439208,-91.49976431879234
2019-09-10 06:00,122156,99.94557597225298,99.60049073869085,100.45775116533218,98.74323031204952,288.6323268206017
2019-09-11 06:00,106073,99.78821362799263,99.4697053406998,100.39198867448955,98.54742200691004,187.27455556887068
2019-09-12 06:00,196551,99.3823497087592,99.04632377184303,100.16178496638216,97.93086257730393,530.3281405369643
2019-09-13 06:00,125695,99.56434119888611,99.23026894328008,100.35989575608062,98.10064213047954,43.98826979472307
2019-09-16 06:00,135043,99.93757229678863,99.60734810788976,100.55108310389717,98.66361311188233,83.6128083796648
2019-09-17 06:00,121269,100.07605610515581,99.80012308596726,100.44823254422506,99.15201362770948,-114.68731650029358
2019-09-18 06:00,122022,100.22606456359789,99.947484594868,100.59042207271958,99.30454711701643,-119.41943781002705
2019-09-19 06:00,125489,100.07553758500276,99.89698584818964,100.530981325787,99.26299037059229,58.84732796350817
2019-09-20 06:00,109231,100.21576702320738,100.17670416332696,100.76565227556638,99.58775605108752,-282.03950390444464
2019-09-23 06:00,109463,100.0603729131771,100.12221833643171,100.56955901556267,99.67487765730073,1.840671476950503
2019-09-24 06:00,127495,100.05653202714274,100.1842354825938,100.58443927649563,99.784031688692,-32.214715682120456
2019-09-25 06:00,129900,100.01841061187669,100.16698424972151,100.56158272134059,99.77238577810239,-32.208193764503626
2019-09-26 06:00,117867,100.06579311107424,100.20806841009191,100.55820241069915,99.8579344094847,-106.77663432684663
2019-09-27 06:00,125707,99.76351351351352,99.81253672150407,100.0792999359405,99.54577350706765,372.26788544469093
2019-09-30 06:00,103356,100.27293544098093,100.33018171074008,100.65413680378164,100.00622661769856,-581.9824120141734
2019-10-01 06:00,120795,100.0949588818822,100.14170077810964,100.45413721344856,99.82926434277071,112.602218817492
2019-10-02 06:00,119949,100.78097966625117,100.92394843078523,101.61262445225093,100.23527240931955,-874.1033064709402
2019-10-03 06:00,147639,100.94963141519746,101.20469770440337,102.24566465025681,100.16373075854992,-462.205193065992
2019-10-04 06:00,125165,100.3189973835883,100.7514036443542,101.89510067764047,99.60770661106794,354.1394131938002
2019-10-07 06:00,91281,99.85676382730023,100.3020576284394,101.42494629514805,99.17916896173075,487.55022326630325
2019-10-08 06:00,123007,99.68735512822889,100.1760713557216,101.26280700170895,99.08933570973424,29.678544267400415
2019-10-09 06:00,93073,99.69868243055427,100.043733669366,101.06738025208692,99.02008708664508,61.19043204153765
2019-10-10 06:00,153882,99.58138676022527,99.66946726987346,100.656830323222,98.68210421652495,374.39994068911494
2019-10-11 06:00,143219,99.50443650822871,99.3369169029122,100.2344887112518,98.43934509457259,312.0787398666815
2019-10-14 06:00,85423,99.63305791207377,99.33696472276912,100.30959440743538,98.36433503810287,29.45236999539482
2019-10-15 06:00,112758,99.55849970640048,99.10250293599525,100.19914139737318,98.00586447461731,270.4741577582027
2019-10-16 06:00,116825,99.52500320202003,98.98248952482017,100.23146539710737,97.73351365253299,293.6156937588251
2019-10-17 06:00,125659,99.21876704855428,98.64402618657932,100.00829988988286,97.2797524832758,656.2148211196826
2019-10-18 06:00,86117,99.41622820170298,98.82782185145801,100.25399162147215,97.40165208144388,34.54388436890225
2019-10-21 06:00,67782,99.56886379726613,98.92633470691811,100.41114147584543,97.44152793799078,119.04437356306191
2019-10-22 06:00,84127,100.18006184494976,99.58003812859731,100.93165260862233,98.22842364857226,-468.47337600434986
2019-10-23 06:00,89152,100.19071060668216,99.68138930671402,100.82133522405469,98.54144338937336,53.81444051223822
2019-10-24 06:00,86860,100.29539372128498,99.98319343082358,100.93560772458726,99.0307791370599,-212.3703447144431
2019-10-25 06:00,80320,100.35934611089755,100.2467644205246,101.07647561609703,99.41705322495216,-199.13767904120627
2019-10-28 06:00,68005,99.97133833543273,100.05184657794327,100.70266592324685,99.40102723263963,241.55915454295527
2019-10-29 06:00,77053,99.96713559306558,100.1138386540199,100.65011949264215,99.57755781539768,-1.8257670503907595
2019-10-30 06:00,101233,99.6148635747861,99.76979097529704,100.28095442219094,99.25862752840314,402.57060960691246
2019-10-31 06:00,108258,100.03797976846948,100.14333710696413,100.64347688974702,99.64319732418123,-439.0310412216553
2019-11-01 06:00,84491,99.91946357640028,99.90625341642064,100.36096385430584,99.45154297853544,212.72516456527362
2019-11-04 07:00,70093,99.84933538343964,99.74707268475971,100.11835919910293,99.3757861704165,147.6068555183934
2019-11-05 07:00,97367,99.88722556705531,99.73943649162372,100.1492077359438,99.32966524730367,36.3920883599833
2019-11-06 07:00,74493,100.01366468680537,99.91181722114924,100.32612010923681,99.49751433306167,-143.72782679887314
2019-11-07 07:00,104982,100.01220022943717,99.88755758690382,100.29151044821138,99.48360472559628,11.837444568894135
2019-11-08 07:00,81258,100.21995673879911,100.15953708689655,100.4728030599616,99.8462711138315,-236.73595746037415
2019-11-11 07:00,54488,99.99836041681849,99.98251111273039,100.27384997976102,99.69117224569978,182.50839538619036
2019-11-12 07:00,74311,99.96156368405713,99.99808729233455,100.25577042451353,99.74040416015558,5.465177709362057
2019-11-13 07:00,80768,99.88226302476662,99.8869943406183,100.12708763954264,99.64690104169395,115.68697109648434
2019-11-14 07:00,80445,100.03299397540948,100.0759226008731,100.2692278818461,99.8826173199001,-175.59821672277124
2019-11-15 07:00,64981,99.9226611831929,99.9167470383782,100.11633202494012,99.71716205181629,175.9135198199047
2019-11-18 07:00,73180,100.00528122524426,99.98406526865955,100.17493702303106,99.79319351428803,-118.23233563432528
2019-11-19 07:00,71986,100.18542852971235,100.16836399474374,100.37091748222107,99.96581050726641,-231.24965858809398
2019-11-20 07:00,96500,100.12373617549366,100.14791765521771,100.37318342725155,99.92265188318386,4.5627515216734835
2019-11-21 07:00,97744,100.25838422996745,100.30345975203889,100.60222031375552,100.00469919032227,-209.8501852156019
2019-11-22 07:00,79390,100.4830447794077,100.64864964106705,101.16822264925847,100.12907663287562,-413.2155851754322
2019-11-25 07:00,62722,100.00256021066876,100.2128632298886,100.74232025860101,99.68340620117621,427.91551882460413
2019-11-26 07:00,68904,99.98463452110923,100.19865369137335,100.73170202559297,99.66560535715377,-7.316359379568669
2019-11-27 07:00,63474,99.74598540145985,99.92937956204378,100.41819173816411,99.44056738592344,228.6236854138089
2019-11-28 07:00,47741,99.74829919565175,99.87442318565667,100.35581895673803,99.3930274145753,31.928771472095704
2019-11-29 07:00,77925,99.99488565792356,99.98109519982464,100.40094452589862,99.56124587375064,-163.20948256211722
2019-12-02 07:00,80211,99.69692008222815,99.58958685804724,100.04264820067155,99.13652551542292,383.49860296937646
2019-12-03 07:00,89022,99.71652341407568,99.52081554033178,100.07162247791408,98.97000860274947,96.40219724252842
2019-12-04 07:00,92546,99.75916962558684,99.51752195352297,100.15430226853171,98.88074163851422,59.971104831310825
2019-12-05 07:00,71185,99.81173352214444,99.54957653658664,100.24116579562762,98.85798727754565,35.414623515311355
2019-12-06 07:00,69021,100.32950492159205,100.10609474634866,100.64409127992617,99.56809821277115,-478.45586766655265
2019-12-09 07:00,47991,100.06387450752025,99.89627216727473,100.38876100881464,99.40378332573479,259.07917423075014
2019-12-10 07:00,69150,99.65732087227414,99.52347315800905,100.03960097271025,99.00734534330786,480.45424765233116
2019-12-11 07:00,64476,99.69379809868718,99.57700316885462,100.13689194568256,99.01711439202667,-14.484094653550532
2019-12-12 07:00,104105,99.37780501432923,99.23541392548795,99.96437468076222,98.50645317021367,461.7390359613272
2019-12-13 07:00,146940,99.51238390092877,99.24688602491175,100.04982923768686,98.44394281213661,83.76944486978743
2019-12-16 07:00,63134,99.4383070301291,99.02564562410325,100.03624735665922,98.01504389154728,359.971202303808
2019-12-17 07:00,68155,99.49514841204481,98.9999641949228,100.18869890389755,97.81122948594805,174.8549600523607
2019-12-18 07:00,63464,99.72964504722258,99.15169419453018,100.43668635038254,97.86670203867783,-18.795983029913177
2019-12-19 07:00,66058,99.8062334502254,99.22663350747865,100.56417853101733,97.88908848393997,39.377125469850675
2019-12-20 07:00,57932,100.24735712296898,99.77931864519428,100.88325045013002,98.67538684025854,-400.7693339893485
2019-12-23 07:00,47119,100.15041372749627,99.83630391470567,100.68669060833588,98.98591722107545,-40.3692440186252
2019-12-24 07:00,41305,100.01075770072075,99.82787678846769,100.53130164408795,99.12445193284746,22.4169005496675
2019-12-26 07:00,32983,99.8508932087495,99.77821931049291,100.25025003283348,99.30618858815237,164.9514110517423
2019-12-27 07:00,64582,99.38897738700176,99.33780669045727,99.90278369303257,98.772829687882,498.1576217221785
2019-12-30 07:00,60269,99.59745046023468,99.47754019263975,100.06750815209054,98.88757223318895,38.293362780638134
2019-12-31 07:00,59306,99.81737519153336,99.61541887895088,100.24479484772115,98.9860429101806,-72.99659942671661
2020-01-02 07:00,60918,100.25308984242254,100.0111788799656,100.63997423772044,99.38238352221077,-312.0319520718997
2020-01-03 07:00,110938,100.75087719298249,100.56230319388209,101.29374752051206,99.8308588672521,-528.9016565092437
2020-01-06 07:00,92825,99.9603373115129,99.86332451940251,100.59525471581978,99.13139432298523,731.5690491402061
2020-01-07 07:00,90809,100.00500966149004,100.04624991054169,100.72808278242749,99.36441703865593,-117.05312067193874
2020-01-08 07:00,188153,99.72585625301184,99.85801995395236,100.50002777887079,99.21601212903394,246.90916247697348
2020-01-09 07:00,81151,99.427048160654,99.51848231739821,100.20294629590974,98.83401833888668,452.54523220837166
2020-01-10 07:00,71786,99.66770029054014,99.58311490995028,100.30478885889144,98.86144096100911,15.106814061786974
2020-01-13 07:00,56921,99.28701365217853,99.05079387506397,99.99202323547962,98.10956451464835,630.9316461095582
2020-01-14 07:00,86003,99.2317638469861,98.78053285718053,100.01759185147287,97.54347386288818,392.07029007902196
2020-01-15 07:00,73145,99.31219020046498,98.67605386673681,100.19280649802955,97.15930123544408,254.18660287081468
2020-01-16 07:00,63942,99.39716529366964,98.67789576895126,100.3867659551017,96.96902558280082,205.27576254683083
2020-01-17 07:00,59445,99.98646808136726,99.27709678836602,100.80411656680421,97.75007700992785,-351.11990613452554
2020-01-20 07:00,40377,100.06711704193059,99.42019309326982,100.87289988860748,97.96748629793215,69.44932836346413
2020-01-21 07:00,74540,100.39292800141088,99.93659891539171,101.1462291462595,98.72696868452392,-358.4827743755118
2020-01-22 07:00,69896,100.24181750885666,100.00061688140009,100.94942258051252,99.0518111822877,68.7854950791941
2020-01-23 07:00,83659,100.44228522884147,100.45759442143638,101.29229741632948,99.62289142654328,-417.70210966001304
2020-01-24 07:00,70982,100.65668192524777,100.89924892227006,101.75394646887477,100.04455137566539,-443.339291719028
2020-01-27 07:00,101854,100.53836088338186,100.96634354331894,102.02516329470468,99.90752379193322,95.33652903754596
2020-01-28 07:00,73898,100.47286213536839,100.98646672847866,102.22450306401454,99.74843039294278,-154.88419291092592
2020-01-29 07:00,73074,100.34385795774084,100.94203868848356,102.26579687388198,99.61828050308516,-113.24119482836339
2020-01-30 07:00,105066,99.89840038433482,100.43931602640517,101.60642343094877,99.27220862186158,340.1147999035897
2020-01-31 07:00,103359,99.83177736285234,100.25989152662926,101.30873283893042,99.21105021432811,18.67513272683687
2020-02-03 07:00,103232,99.81072050616716,100.08921906657655,100.92680401263183,99.2516341205213,5.3321010255409655
2020-02-04 07:00,86152,99.5537539716959,99.6491631780647,100.38591487253254,98.91241148359686,390.0557984148923
2020-02-05 07:00,97370,99.83957314046657,99.73551726582991,100.28595830387688,99.18507622778296,-164.58720467215912
2020-02-06 07:00,76387,99.89880013469687,99.702071850132,100.21435943447379,99.18978426579021,23.045559298006083
2020-02-07 07:00,80151,100.37713328820324,100.19426728898702,100.72522200559926,99.66331257237476,-492.8029497270062
2020-02-10 07:00,81653,100.28505043131462,100.13718385841837,100.66873371449832,99.60563400233843,42.74912497884971
2020-02-11 07:00,78815,100.04568767055105,100.0138662968987,100.51031239169468,99.51742020210273,172.7377146978449
2020-02-12 07:00,81530,99.94527557656093,100.00772893642721,100.4078078260456,99.60765004680886,53.33143710444791
2020-02-13 07:00,97647,100.20869751346726,100.37538796332628,100.8376108853874,99.91316504126512,-367.87573975013015
2020-02-14 07:00,66174,100.44992483356006,100.64526809363585,101.27624513506962,100.0142910522021,-369.0958044327171
2020-02-17 07:00,45638,100.14835576820083,100.35232263362724,101.02322769023935,99.68141757701511,120.65097906035686
2020-02-18 07:00,78320,100.26560234818251,100.49451434503243,101.16364600522097,99.82538268484387,-258.8453711307136
2020-02-19 07:00,78920,99.10757676165234,99.25663795007726,100.02234766390163,98.4909282362529,1269.7304842692981
2020-02-20 07:00,115587,98.77337125401594,98.70025104896327,99.81362029835084,97.58688179957569,669.8243257573041
2020-02-21 07:00,110050,99.07451090435563,98.75584240202735,100.13960399064594,97.37208081340874,93.91731765118871
2020-02-24 07:00,153708,100.0962116656645,99.6546814757171,101.05879546646361,98.25056748497059,-326.12336277256895
2020-02-25 07:00,172185,100.46947525068208,99.85862594337944,101.26378619614154,98.45346569061734,-166.2539794835536
2020-02-26 07:00,190399,100.3176007431327,99.77396381651693,101.1819147732906,98.36601285974328,118.68805413592469
2020-02-27 07:00,231955,100.00565101453374,99.68080597594778,101.04867377834704,98.31293817354852,180.45112781955572
2020-02-28 07:00,336207,100.83161309348276,100.89774179423243,102.24423603825299,99.55124755021187,-1183.2960977720381
2020-03-02 07:00,304245,99.91283859195352,100.08875582404725,101.3196313609392,98.85788028715531,1237.512778664571
2020-03-03 07:00,294762,100.56258036862408,100.92334619231312,102.0923310562643,99.75436132836195,-813.9730565175514
2020-03-04 07:00,199115,100.08809004760421,100.49294834719929,101.6996449791947,99.28625171520387,343.75000000000455
2020-03-05 07:00,184243,100.01318215421342,100.44632280245465,101.54489329954579,99.34775230536351,-152.07569990395794
2020-03-06 07:00,365219,100.02705926334716,100.23053780285893,101.04741817504264,99.41365743067524,119.4168181656154
2020-03-09 06:00,585043,101.18324578929763,101.57913769878213,102.88808557606046,100.27018982150379,-1035.180015746901
2020-03-10 06:00,574835,99.66735189684174,99.94179993058701,101.19124787616497,98.69235198500905,1591.161819348881
2020-03-11 06:00,422439,100.35636063337046,100.66290258877592,101.9250922721705,99.40071290538135,-860.5423107385346
2020-03-12 06:00,547576,100.59899145715498,100.94665908906381,102.1958449160516,99.69747326207604,-494.5962443000269
2020-03-13 06:00,591754,98.6835966493479,98.99029795355735,100.38682215729075,97.59377374982395,2091.959622202379
2020-03-16 06:00,639361,100.1417424296657,100.14594817094988,101.46637590826946,98.8255204336303,-479.11657315879495
2020-03-17 06:00,608470,99.83307893491865,99.90234671379724,101.22047995712542,98.58421347046907,247.87028420073113
2020-03-18 06:00,481622,100.21603224361843,100.17563815494842,101.47401313444033,98.87726317545649,-338.30526024510675
2020-03-19 06:00,636521,99.90292732017063,99.60859226802737,100.90109110453645,98.3160934315183,570.532915360502
2020-03-20 06:00,623281,99.54976324369463,99.38363405381867,100.70425916761052,98.06300894002682,244.01321589826333
2020-03-23 06:00,589693,99.41799316535935,99.24703861749023,100.44391617615018,98.05016105883027,373.2205377930114
2020-03-24 06:00,459351,99.3380464426616,99.02516306122622,100.37473313378673,97.67559298866571,307.2047027993771
2020-03-25 06:00,393746,99.26917129401843,98.78901033246636,100.28607041643727,97.29195024849547,454.54144270571356
2020-03-26 06:00,417176,99.49803728715324,99.00476847013772,100.35325854029824,97.6562783999772,50.08083222042785
2020-03-27 06:00,363283,99.9725170667254,99.33935256551413,100.7390395514109,97.93966557961738,-305.60361104036866
2020-03-30 06:00,274846,100.83787605268073,100.35028590230407,101.64775750706627,99.05281429754184,-456.77056131437087
2020-03-31 06:00,338122,101.09269984269984,100.84262834262827,102.17666328521938,99.50859340003719,-500.6625107824636
2020-04-01 06:00,269844,101.40578822172566,101.6040149931521,103.16899414401874,100.03903584228549,-807.9508079508173
2020-04-02 06:00,256057,101.01803216548437,101.63688381076146,103.52516725842507,99.74860036309785,-163.98760181646722
2020-04-03 06:00,213755,100.34234980550355,101.26872928972763,103.33361011100305,99.20384846845222,231.04693140794248
2020-04-06 06:00,200468,99.72500582614775,100.68139038775247,102.76605098277645,98.5967297927285,547.0489099577316
2020-04-07 06:00,208258,99.23123551435192,100.03039757532528,102.02117173046858,98.039623420182,550.3468798738006
2020-04-08 06:00,171300,99.58493329285064,100.04348913218189,101.79522323771283,98.29175502665093,-176.50205027634829
2020-04-09 06:00,181159,99.57397545728178,99.62491317434583,101.00976508465405,98.24006126403764,278.6162061759905
2020-04-10 06:00,84478,99.81721330459105,99.54080632805396,100.56547892971707,98.51613372639082,-28.4966249309816
2020-04-13 06:00,138505,100.56701678786246,100.22479576263572,101.17932945292416,99.27026207234728,-805.0296543003157
2020-04-14 06:00,147064,100.23285597857725,99.96444468327103,100.90544910873989,99.02344025780216,239.69835712361603
2020-04-15 06:00,155562,100.35527709459096,100.22754609267,101.10440099989206,99.35069118544791,-224.79557931879827
2020-04-16 06:00,167576,100.3249211072851,100.42705458207084,101.19402795480772,99.66008120933395,-160.67357233901407
2020-04-17 06:00,171908,100.15394852795711,100.45950758052615,101.18912121926924,99.72989394178306,-18.88030783892472
2020-04-20 06:00,112363,100.13526882880936,100.4434011476264,101.22552012641917,99.66128216883364,57.594355753142636
2020-04-21 06:00,156124,100.07935508250412,100.3865186331491,101.15349017213077,99.61954709416742,-38.672890303889915
2020-04-22 06:00,112631,100.20865268435195,100.50999981966051,101.31421009914752,99.70578954017351,-282.3334771975192
2020-04-23 06:00,162984,100.61745526442287,100.91158091402961,101.79133758442154,100.03182424363766,-660.4079573302618
2020-04-24 06:00,130210,100.28766428907636,100.55170353741983,101.28898882672918,99.81441824811044,204.07978158927747
2020-04-27 06:00,119283,100.52649765394828,100.88358854981261,101.8117586398275,99.95541845979774,-592.9782695158603
2020-04-28 06:00,116988,100.56647145750095,101.01672960793965,102.08360483820553,99.94985437767377,-337.2819258707011
2020-04-29 06:00,95347,100.37913913329197,100.90577196889485,102.06344977170822,99.74809416608146,-20.075557096714515
2020-04-30 06:00,163315,99.22975724918453,99.59766800627146,100.70036644299994,98.49496956954299,1284.0988947805502
2020-05-01 06:00,107014,99.14834695510658,99.38301908846505,100.48592436938091,98.28011380754917,214.45112226417092
2020-05-04 06:00,95697,99.84425028490801,99.91715055805786,100.95581290594791,98.87848821016783,-518.2745775522392
2020-05-05 06:00,108097,100.76082491167529,100.70358502451175,101.77597072218396,99.63119932683955,-946.7744560794288
2020-05-06 06:00,127652,101.27564567847922,101.16171592903271,102.43962176743781,99.88381009062762,-694.3430656934268
2020-05-07 06:00,118446,100.62110777346325,100.73695875155681,102.09889044292748,99.37502706018616,316.9586667524129
2020-05-08 06:00,97772,99.78511854900388,100.09460246931559,101.41852440832186,98.7706805303093,556.6746017213002
2020-05-11 06:00,108330,99.07688970043208,99.43168875309595,100.79936378170152,98.06401372449038,868.9467781495928
2020-05-12 06:00,110826,99.34369571511289,99.60145845396636,100.97779089807936,98.22512600985333,-109.35480664081473
2020-05-13 06:00,111842,99.96185147507629,100.0406009300973,101.38575226321436,98.69544959698024,-403.46655569828476
2020-05-14 06:00,110773,100.04028526321518,99.86417333551086,101.11207080179526,98.61627586922646,94.45100354191192
2020-05-15 06:00,96211,100.11469221835074,99.77787456445988,100.82259836156886,98.73315076735089,-22.679233986198035
2020-05-18 06:00,104727,99.81505107811466,99.49482884986016,100.52841517371363,98.46124252600667,314.05723829318913
2020-05-19 06:00,98294,99.57186158120734,99.31259697614833,100.41175738767498,98.21343656462169,294.95322367588403
2020-05-20 06:00,85058,99.27275010990388,99.005212585568,100.04200659956688,97.96841857156913,511.29907839918576
2020-05-21 06:00,96012,99.90585264676704,99.66813959779958,100.47341619637196,98.86286299922722,-466.7444574095647
2020-05-22 06:00,89277,100.07218262203375,99.8125056392673,100.51288205654177,99.11212922199284,-77.53615348551925
2020-05-25 06:00,53136,100.11348566995335,99.8138943266186,100.52504096592571,99.10274768731145,50.543797102754986
2020-05-26 06:00,98108,99.71992315840501,99.40187436040141,100.2111329529015,98.59261576790134,548.7859915154705
2020-05-27 06:00,147639,99.8017399432002,99.62334184132001,100.38124247006822,98.86544121257184,-132.83549938967127
2020-05-28 06:00,114725,99.60069506646127,99.41591128945572,100.17646636010511,98.65535621880633,397.47486555997847
2020-05-29 06:00,142177,99.34285103197521,99.09127366057103,99.94140155427587,98.24114576686621,530.3709012721723
2020-06-01 06:00,120285,99.75031255581357,99.42721914627609,100.26977156755112,98.58466672500104,-206.7515060777807
2020-06-02 06:00,138460,99.18390478889206,98.77638849532443,99.90817442939755,97.64460256125132,864.5944980350157
2020-06-03 06:00,160582,99.2169461606355,98.61438658428948,100.07155105092056,97.15722211765836,315.2004533219955
2020-06-04 06:00,168398,98.86608768735118,98.10854111220057,99.96292769203163,96.25415453236951,834.2234659557442
2020-06-05 06:00,195492,99.46046576978469,98.67584038779022,100.60395212460324,96.74772865097717,-311.64647384270125
2020-06-08 06:00,128052,100.25224111282847,99.45285935085006,101.21229510343208,97.69342359826805,-735.5519708233962
2020-06-09 06:00,151269,100.2246378090314,99.52487250524979,101.16356097731129,97.88618403318827,98.03315463625283
2020-06-10 06:00,161522,100.12247559299334,99.58578578225776,100.98040074077821,98.19117082373732,52.895126595671655
2020-06-11 06:00,184888,100.2125779717623,99.99443374388152,101.13325663782334,98.8556108499397,-265.23796515777866
2020-06-12 06:00,185231,100.40251192989302,100.43169360131981,101.4637552526548,99.39963194998481,-402.8339723316568
2020-06-15 06:00,159720,100.08242535729445,100.235159898118,100.97102035676298,99.49929943947302,216.25837558052947
2020-06-16 06:00,162540,100.21912368255433,100.45508939572568,101.2149261051647,99.69525268628664,-252.8757990786845
2020-06-17 06:00,126952,100.11081953260754,100.42554700521293,101.23657534021231,99.61451867021358,-19.500434327847827
2020-06-18 06:00,134500,100.3029440540781,100.59290225028906,101.30163775210865,99.88416674846945,-328.01418439715457
2020-06-19 06:00,113688,100.38758308533957,100.62227132597965,101.30185006461822,99.94269258734107,-227.57578451417925
2020-06-22 06:00,103408,99.83139194723685,100.07490736308351,100.73045852882403,99.41935619734298,355.85289041509475
2020-06-23 06:00,149465,99.8740509472788,100.07725466543671,100.67962793634513,99.4748813945283,-87.73251331496304
2020-06-24 06:00,130063,99.7502347085186,99.88176004818163,100.34624088592949,99.41727921043378,101.07099794312037
2020-06-25 06:00,119034,99.7624946906414,99.7762105337675,100.19959314900235,99.35282791853265,31.86630315476522
2020-06-26 06:00,95075,99.84719053430256,99.74098441838663,100.19790457826909,99.28406425850417,33.61522946816877
2020-06-29 06:00,102052,99.89317864280284,99.73869444493567,100.19836177046808,99.27902711940327,-5.305415060305085
2020-06-30 06:00,121217,99.35370059943304,99.08926549705545,99.84860758189652,98.32992341221437,819.3602619121374
2020-07-01 06:00,110222,99.75726959093149,99.43858691825666,100.28471976467677,98.59245407183654,-290.4655346408697
2020-07-02 06:00,99683,99.79687307644961,99.46650604104741,100.32378518773672,98.6092268943581,85.36853685368025
2020-07-03 06:00,72444,99.93824825608503,99.62966546740434,100.35719747050422,98.90213346430444,-43.9633872910615
2020-07-06 06:00,91428,99.84416131409918,99.48387209996132,100.24185543776841,98.72588876215424,192.5359356455177
2020-07-07 06:00,92194,99.76840407440521,99.5013937832009,100.2413663144641,98.76142125193769,92.12708273012377
2020-07-08 06:00,98280,99.6915189585484,99.42853143427052,100.18138300143902,98.67567986710203,157.7259424125119
2020-07-09 06:00,111223,99.97351899266948,99.74430921398752,100.42113287658316,99.06748555139187,-256.2600033235141
2020-07-10 06:00,81903,100.34363474724715,100.17260956438301,100.73837127459566,99.60684785417038,-397.15242587365026
2020-07-13 06:00,85131,100.04651489354231,99.95497709360895,100.33193407892729,99.5780201082906,220.7738519319828
2020-07-14 06:00,98685,99.92514090865262,99.84546068144554,100.23469182615395,99.45622953673714,178.26094592458855
2020-07-15 06:00,95923,100.47684645544135,100.5498746070431,101.06058485961935,100.03916435446682,-765.004337653465
2020-07-16 06:00,92854,100.21089754893315,100.36721918532876,100.92642887213614,99.8080094985214,166.03080401300195
2020-07-17 06:00,69395,99.74726392591553,99.85933772975996,100.41602158311429,99.30265387640563,546.6793637357513
2020-07-20 06:00,94423,99.6108533916849,99.69382932166292,100.28329588170917,99.10436276161666,291.4377008023259
2020-07-21 06:00,85314,99.48876541915642,99.53803683125405,100.19398999810673,98.88208366440136,231.16528317748066
2020-07-22 06:00,97433,99.15220710716267,98.93409911160458,99.87498901234791,97.99320921086124,700.6692177316423
2020-07-23 06:00,88216,99.31665079227635,98.8657026582387,100.07136577961282,97.66003953686459,190.85625054220426
2020-07-24 06:00,123931,99.69887772978781,99.17373506097022,100.45934723380205,97.88812288813837,-171.42857142856562
2020-07-27 06:00,150989,100.40505975504357,99.8770853157108,101.1518666043254,98.6023040270962,-545.2382812839147
2020-07-28 06:00,141338,100.4623984627478,99.96602323347007,101.22720015040045,98.7048463165397,-66.33730775274306
2020-07-29 06:00,139977,99.99460710122989,99.70191186959613,100.76349095693533,98.64033278225692,428.03731786574906
2020-07-30 06:00,144650,99.73214828187787,99.64379019728665,100.4766870222753,98.81089337229801,183.47506999878135
2020-07-31 06:00,203785,99.20727184918152,99.17277541093871,100.06312367043112,98.2824271514463,637.042180177048
2020-08-03 06:00,168797,99.79886700275446,99.7127661417458,100.51985590045405,98.90567638303757,-432.9527029357948
2020-08-04 06:00,117526,99.75171484354746,99.55854657290448,100.33052497701804,98.78656816879091,225.98772219962237
2020-08-05 06:00,129669,99.5579606655539,99.23086188206535,100.15488309391057,98.30684067022015,384.3197540353516
2020-08-06 06:00,139745,99.87726783020895,99.45572074983828,100.44623967361113,98.46520182606542,-202.1331498365727
2020-08-07 06:00,134857,99.84064911797125,99.46328900220496,100.51457079683479,98.41200720757512,-3.4453057708791373
2020-08-10 06:00,93411,100.20963672185539,99.88438007673417,100.79881632794574,98.96994382552262,-217.2863351038106
2020-08-11 06:00,133944,99.90616068046415,99.65632425358987,100.35184663971921,98.96080186746053,390.6520085736123
2020-08-12 06:00,128607,99.1797068309414,98.95769696762844,99.82698296366578,98.08841097159107,904.8566090692304
2020-08-13 06:00,111153,99.15228858261011,98.87110770801416,99.93330806224824,97.8089073537801,236.2211439243419
2020-08-14 06:00,98179,99.5875831485587,99.21857410881789,100.39473489631723,98.04241332131855,-166.02102933037605
2020-08-17 06:00,93356,100.08245024333083,99.63393460429863,100.7243415841072,98.54352762449004,-274.64794739042037
2020-08-18 06:00,115721,100.41172940066873,99.95592900625904,100.96502637400664,98.94683163851144,-278.73730291734296
2020-08-19 06:00,139500,100.77350257834188,100.50514806063839,101.5559275460008,99.45436857527599,-592.3347934543169
2020-08-20 06:00,144204,100.0945468272761,100.04195408215786,101.04344276309982,99.04046540121587,496.6373512674542
2020-08-21 06:00,119890,100.31137456274874,100.46172005583023,101.47205315416407,99.4513869574964,-445.16876098982823
2020-08-24 06:00,98540,100.06092104357398,100.37438906863075,101.28368588676202,99.46509225049945,219.9015186140129
2020-08-25 06:00,113069,99.31808873720132,99.62073378839584,100.51382485295382,98.72764272383785,855.3775192330859
2020-08-26 06:00,109809,99.87214643175427,100.00762665386982,100.86755505576801,99.14769825197159,-393.4890787575634
2020-08-27 06:00,183556,99.5376294552217,99.53174318813866,100.30939278876612,98.75409358751122,375.0513769009352
2020-08-28 06:00,186968,100.20835836265336,100.06015618295709,100.76783756829872,99.35247479761547,-619.1580814627815
2020-08-31 06:00,145070,99.81430912069904,99.52433779355535,100.27459199956583,98.77408358754487,612.1695529359187
2020-09-01 06:00,153148,100.2595039903887,100.07431562687712,100.83040292898633,99.31822832476792,-582.6998711746929
2020-09-02 06:00,122237,100.18009673767621,100.06552090837357,100.72467798097091,99.40636383577623,30.88326127239154
2020-09-03 06:00,118394,99.96368774889733,99.9454459812443,100.60086092865212,99.2900310338365,182.75104674307934
2020-09-04 06:00,113676,100.32243641553885,100.3636222936836,100.96290792616969,99.7643366611975,-404.1995649716497
2020-09-07 06:00,54336,100.38364053313103,100.61097987826948,101.2753700505144,99.94658970602458,-251.10503413996665
2020-09-08 06:00,117848,100.61857811864306,100.87601603143955,101.71490177698279,100.0371302858963,-378.5722909228947
2020-09-09 06:00,107260,99.84669456642233,100.11454940748817,100.94572853790966,99.28337027706668,737.5537799631256
2020-09-10 06:00,123369,99.65405702224778,99.90064435311571,100.6242615611637,99.17702714506773,171.8936665778574
2020-09-11 06:00,84402,99.52007533601575,99.70310761064968,100.44980076005598,98.95641446124337,204.16566585457878
2020-09-14 06:00,80138,99.94312519330562,99.9900340217876,100.61543653939151,99.36463150418368,-292.9637307474847
2020-09-15 06:00,90532,100.2876483455914,100.19704772895592,100.83210595686435,99.5619895010475,-221.70281511016015
2020-09-16 06:00,126155,100.73740944854596,100.70950746941172,101.4900473508896,99.92896758793383,-561.7977528089896
2020-09-17 06:00,105803,100.60917755825956,100.67092790300327,101.51478609664093,99.82706970936565,-53.7424695531553
2020-09-18 06:00,77295,100.75821369108328,101.047011340952,102.1376289467848,99.95639373511919,-517.7168427077322
2020-09-21 06:00,119366,100.67153743969797,101.16854855624683,102.5103689515537,99.82672816094001,-394.3348102753282
2020-09-22 06:00,109690,100.62134015919213,101.35032785160763,102.96355920617492,99.73709649704034,-376.39620285223754
2020-09-23 06:00,112378,100.41106941180598,101.1748974080179,102.91384150455718,99.43595331147861,-63.96943487824558
2020-09-24 06:00,115396,100.40955571382099,101.20378430182966,102.9972485228182,99.4103200808411,-285.81698945282125
2020-09-25 06:00,93739,100.2534539922082,100.95243120597308,102.5705724029992,99.33429000894698,-32.52861639089896
2020-09-28 06:00,87186,99.83981633207443,100.39020671404406,101.72783154242941,99.0525818856587,501.1008366358456
2020-09-29 06:00,94496,99.28874115712262,99.5842433629473,100.6005867061016,98.56790001979302,708.057661131321
2020-09-30 06:00,121683,99.74216088741377,99.88103764520913,100.73857507361579,99.02350021680249,-287.4063751959574
2020-10-01 06:00,114843,99.58591880248905,99.48566206866535,100.22346636487288,98.74785777245783,308.156994203501
2020-10-02 06:00,112282,100.14212541300284,99.89240074821242,100.59887912205903,99.1859223743658,-358.8287550732393
2020-10-05 06:00,86842,99.4038531443112,99.00702774748568,99.96668229604086,98.0473731989305,880.0880088008762
2020-10-06 06:00,94847,99.83367369107108,99.49563328264168,100.49932530736851,98.49194125791482,-376.5907713617888
2020-10-07 06:00,82750,99.60812822376852,99.21850659466187,100.31532677208006,98.12168641724368,430.2364997001422
2020-10-08 06:00,72371,99.67115847013447,99.32147243508787,100.38431832541626,98.25862654475948,81.36837367126665
2020-10-09 06:00,79869,99.58825607748855,99.15884628973733,100.16805188211342,98.14964069736124,364.11755548252626
