Datetime,Volume,Open,High,Low,Close,SMA2,SMA3,SMA4,SMA5,SMA6,SMA7,SMA8,SMA9,SMA10,BBANDS+σ,BBANDS-σ,Rate
2021-01-11 19:09,47.0,0.88898,0.88914,0.88891,0.88914,-0.11247455275118615,-0.14246990347425337,-0.20808787007151786,-0.19121426741665948,-0.14434464276796427,-0.1783583803039183,-0.15043756974694913,-0.1424699034740313,-0.06298419098905551,1000.5094534517514,999.3645821331957,0.1799815518909863
2021-01-11 19:24,54.0,0.8891,0.88915,0.88885,0.88898,0.08998672701854556,0.04499437571031933,0.028121722063821096,-0.02249794706334721,-0.00937408309737183,0.030532118585998393,0.0014061048856139479,0.026246965196235136,0.033745971577725235,1000.3512750145877,999.716218067371,-0.13496794511304577
2021-01-11 19:39,36.0,0.88895,0.88908,0.88881,0.88899,-0.0056243760458794725,0.05249265104071474,0.025309300747923567,0.013498373446224418,-0.02812219657023897,-0.01767671695184442,0.01687293833827178,-0.008749043073400185,0.013498373446002377,1000.3279479909044,999.6990489381947,0.0449969064626008
2021-01-11 19:54,57.0,0.88896,0.88952,0.88896,0.88952,-0.2979578664649636,-0.4010457227133542,-0.4076062186861746,-0.45653013160835215,-0.4853982375456212,-0.5349419201537603,-0.5369504996000771,-0.514767079268959,-0.5442617628545986,999.9169132508633,998.9948593905607,0.6299496040316831
2021-01-11 20:09,60.0,0.88948,0.88956,0.88919,0.88931,0.11806209517696362,-0.041231317065682074,-0.12369905161073205,-0.13719441932613458,-0.18367985777072168,-0.2136716100411933,-0.26147282448240405,-0.267409082506154,-0.25078764884234905,1000.206729274266,999.2917583172369,-0.19112290326932982
2021-01-11 20:24,59.0,0.88928,0.88979,0.88928,0.88975,-0.24729104033236024,-0.2510383446156262,-0.4018790004863112,-0.4946432486496224,-0.5265036625564036,-0.581391630204026,-0.6197480592332573,-0.6720749379150808,-0.68582096016036,999.9532071719461,998.6756211506156,0.5285174523210704
2021-01-11 20:39,44.0,0.88971,0.88989,0.88956,0.88982,-0.03933457144104212,-0.21729601422303912,-0.24727158413485542,-0.3844212764940338,-0.4777387871427516,-0.5186984479061615,-0.5775307000046727,-0.6207925734243016,-0.6756456973266508,1000.1017252635121,998.5474397361501,0.1236357914377207
2021-01-11 20:54,70.0,0.88978,0.89013,0.88964,0.89003,-0.11798051088026627,-0.1835312542026225,-0.3399339549490543,-0.38657853756869104,-0.5169701171550205,-0.6117234333913659,-0.660308064716844,-0.7230834389891732,-0.7710577247813564,1000.1007726276612,998.3577063000149,0.280968329249896
2021-01-11 21:09,33.0,0.89,0.8902,0.8899,0.8901,-0.039322197666683385,-0.1310800058059082,-0.196626452508882,-0.3348498993587895,-0.38767203431793146,-0.5105063273985284,-0.6040471340413959,-0.6568210348931642,-0.7215275117219256,1000.2315936399186,998.3258718134007,0.11235955056178537
2021-01-11 21:24,12.0,0.89013,0.89013,0.88993,0.89011,-0.0056172990342034605,-0.03370426752558523,-0.10673407776410763,-0.1662854090629703,-0.288395455837304,-0.3419102542973852,-0.45650844876875885,-0.5468984253785351,-0.6012300110593669,1000.3570557082826,998.440845674692,-0.022468628177929068
2021-01-11 21:39,16.0,0.89008,0.89026,0.89004,0.89014,-0.016851423805384454,-0.026213448624459734,-0.05055512335108934,-0.11234818962700618,-0.16665433962435153,-0.27607815113080814,-0.3286539963147868,-0.4357317584423332,-0.5225262295016279,1000.443554457356,998.5116660697516,0.06740967104087274
2021-01-11 21:54,34.0,0.8901,0.89046,0.89007,0.89036,-0.12355316452222496,-0.17597427076977207,-0.2049942791307615,-0.23813428639661885,-0.2995491807259593,-0.3546546046384799,-0.4577848070114496,-0.5117841531024067,-0.6145470324687881,1000.2964282588302,998.4748552669341,0.2921020110100415
2021-01-11 22:09,5.0,0.89048,0.89072,0.89048,0.89052,-0.08983918791427212,-0.20214952395275515,-0.26673367923477365,-0.30773274215951724,-0.34817182069302294,-0.41075933289995253,-0.4675328042570089,-0.5666210442886561,-0.6223020207725171,1000.1663325889174,998.5894505490244,0.044919593926791145
2021-01-11 22:39,2.0,0.89044,0.89044,0.89038,0.89038,0.07861502786443901,0.04492362983643997,-0.03369404682626635,-0.08760688326121974,-0.12542248205035944,-0.1636674345568901,-0.22184000933389067,-0.2758254030218041,-0.3684499084610393,1000.3870201203247,998.876215801417,-0.0673824176812138
2021-01-11 22:54,36.0,0.89044,0.89048,0.89032,0.89037,0.005615627167222611,0.059898397361151504,0.0421164351029209,-0.017970218855207477,-0.06364597862507725,-0.09787742384784222,-0.13338041447728793,-0.18720561971085767,-0.2381316115238866,1000.2977879843438,999.2260054947719,-0.07861282062802041
2021-01-11 23:09,37.0,0.89032,0.89038,0.89,0.89002,0.19660546682686417,0.2658762792230983,0.33982225657259457,0.34824613489825806,0.31267816590979697,0.28245776962705965,0.2583877740787799,0.23092944209552804,0.18537190994577718,1000.6428629707749,999.7279152139853,-0.33695749842749456
2021-01-11 23:24,22.0,0.88999,0.8901,0.88982,0.89002,0.0,0.13107460598063017,0.19941383633006565,0.27186704296348596,0.29021353366409114,0.2680158418220988,0.24715491121499242,0.229681318181802,0.20783889751701254,1000.5999527103581,999.8157682846758,0.03370824391294904
2021-01-11 23:39,33.0,0.88999,0.88999,0.88974,0.88976,0.14609614275981378,0.19479011426826612,0.317450955791524,0.3932871552545323,0.4700537464717986,0.4992074583498862,0.4901805971185303,0.4794151227436042,0.46967928959826444,1000.954272025949,999.9853071864235,-0.25842986999848594
2021-01-11 23:54,22.0,0.88972,0.88996,0.88969,0.88969,0.039338771455323586,0.1498537056005544,0.20510659292953218,0.31691411330957325,0.39331809264551826,0.4703582113257256,0.5056662822726314,0.5056662822724095,0.5022960202293077,1001.0885401928158,999.9163041911836,-0.03371847322750359
2021-01-12 00:09,57.0,0.88966,0.89033,0.88966,0.89033,-0.35948190058742957,-0.45311819108605045,-0.4268991459443169,-0.4111680488235076,-0.33513790114838643,-0.27922920084346925,-0.21763962194157987,-0.18971045498803962,-0.19208206343930329,1000.4071247696635,999.2087479966148,0.753096688622562
2021-01-12 00:24,28.0,0.8903,0.89054,0.8903,0.89038,-0.02807829351539129,-0.27707365468938755,-0.3819323576829586,-0.3864265478184055,-0.3894226857969342,-0.3353865762870672,-0.2934571022585012,-0.2433714065589837,-0.22127832691523042,1000.3956262266287,999.1618660800275,0.08985735145453104
2021-01-12 00:39,31.0,0.89041,0.89068,0.89041,0.89041,-0.0168463138865097,-0.04118037942701074,-0.23306587024317849,-0.33248639470918157,-0.35008729138197264,-0.3626595501044495,-0.32293710168034945,-0.29079472655909794,-0.24935443165734433,1000.3756411273141,999.1257121818359,0.0
2021-01-12 00:54,49.0,0.89038,0.89038,0.88996,0.8901,0.17412257711716095,0.22092455141999678,0.2302846834355065,0.09212023719662757,0.013107055621868226,-0.0016049573919611,-0.01263910919589602,0.02246913302893837,0.051678251219663934,1000.6263162715867,999.4770429015404,-0.3144724724274433
2021-01-12 01:09,56.0,0.89007,0.89034,0.88996,0.89024,-0.07863357320628038,0.0112328628634467,0.047738795784052004,0.05840950908516885,-0.054293949326993156,-0.12356981991333074,-0.13901712109513553,-0.15103185365448007,-0.12132295962002988,1000.4318007895703,999.3255680098549,0.1909962137809425
2021-01-12 01:24,81.0,0.8902,0.89118,0.8902,0.89108,-0.4714492661995722,-0.6810536387155446,-0.6988346025094365,-0.7162415364773514,-0.7372051279610371,-0.8548660923066802,-0.9332921397438337,-0.9618426201548069,-0.9846835913905917,999.8549467446942,998.1766553561276,0.9885419006964637
2021-01-12 01:39,59.0,0.89111,0.89131,0.89098,0.89118,-0.05610696232771198,-0.38907303840592095,-0.594894031002392,-0.6487887073436469,-0.6903345028874747,-0.7280319885895062,-0.8461466106458236,-0.9292875279193817,-0.9666017966186857,1000.082730500168,997.9849999246625,0.07855371390739022
2021-01-12 01:54,47.0,0.89121,0.89124,0.89068,0.89079,0.21888285645329855,0.2544234143125431,0.03648380330025617,-0.12573899744145733,-0.17588931742266936,-0.2165246834561473,-0.25402029351727756,-0.3630395809155538,-0.4424018675487732,1000.6244462695572,998.4909456858986,-0.47126939778500687
2021-01-12 02:09,39.0,0.89082,0.89108,0.89079,0.89104,-0.14029535000059243,-0.04115126269499257,-0.019640164136285995,-0.19529649774186,-0.33861301813520467,-0.3912726996093206,-0.43497966805136973,-0.4752131532641203,-0.5792663237791067,1000.4504317566968,998.3913710804372,0.24696347185751222
2021-01-12 02:24,33.0,0.89101,0.89108,0.89086,0.89086,0.10102087212045187,0.04115788351760393,0.12066263443620759,0.14591576196761605,0.005612538410881923,-0.11706869620442661,-0.165584056036946,-0.20706232275674588,-0.24586009337405837,1000.5894539626017,998.9188862928819,-0.16834827891940998
2021-01-12 02:39,30.0,0.89082,0.89094,0.89068,0.89094,-0.0448974094271876,0.007482705596789765,-0.03647899161229241,0.02469271598732821,0.04676599140552598,-0.07215753435975816,-0.1810049991787932,-0.22700201530597153,-0.26716927577545857,1000.5545318899765,998.9112009315381,0.1347073482858591
2021-01-12 02:54,16.0,0.89091,0.89108,0.89091,0.89101,-0.039282036610445575,-0.082306990154686,-0.053311709368262496,-0.09203462753192479,-0.04489388209383272,-0.02725675947724471,-0.13188151447167884,-0.23072610855569978,-0.27500666643545735,1000.5316206819306,998.9184416069328,0.11224478342367802
2021-01-12 03:09,16.0,0.89104,0.89111,0.89098,0.89108,-0.03927895069605517,-0.07855944428845962,-0.12064739970374175,-0.10549553168829175,-0.1421597054452712,-0.10581620376571417,-0.09258856593966007,-0.18705644295648105,-0.27835269261453016,1000.5055034155168,998.9378686722871,0.04489136290169799
2021-01-12 03:24,9.0,0.89112,0.89116,0.89104,0.89104,0.022445429550283745,0.0037409399109238984,-0.025251710454098405,-0.060605176373577714,-0.050504058573179834,-0.08337314940459915,-0.053309914394327494,-0.04239829709135228,-0.1279485693391027,1000.4392917843859,999.3048274470742,-0.08977466558933588
2021-01-12 03:39,25.0,0.89108,0.89115,0.89092,0.89115,-0.06171990945966674,-0.06733099921764152,-0.0897756730972351,-0.11895450228725316,-0.15337165160862906,-0.14909616489732538,-0.18096234138920825,-0.15711271747529995,-0.14925649531933707,1000.1119133748704,999.589595910884,0.07855635857612615
2021-01-12 03:54,19.0,0.89112,0.89124,0.89108,0.89116,-0.005610680491414695,-0.048626943451016535,-0.05891371527022918,-0.08079683639866775,-0.10847873546882413,-0.14107809337075833,-0.14027645707135897,-0.17082816162489117,-0.1514994237502998,1000.1245202632194,999.5725038401963,0.04488733279460564
2021-01-12 04:09,20.0,0.89119,0.89129,0.89115,0.89129,-0.07293066260745551,-0.10098233378796172,-0.1458666444843996,-0.16382093286623256,-0.1888826660889625,-0.21800636472548268,-0.25107214248065224,-0.25434537995314077,-0.2850208118151499,1000.029363480774,999.4006761247414,0.11220951761127143
2021-01-12 04:24,15.0,0.89126,0.89136,0.89122,0.89132,-0.016829114368203658,-0.07105818733597181,-0.10097893475818845,-0.14361754672030957,-0.16456349570011303,-0.19074654890697068,-0.22020330323827214,-0.253089911229782,-0.25919976985476073,1000.0487340238935,999.4329336151135,0.06732042277219777
2021-01-12 04:39,20.0,0.89136,0.89161,0.89136,0.89161,-0.16264038284390775,-0.22807788397762174,-0.29725932729829746,-0.34101438648358134,-0.3907553687437545,-0.4198744925429899,-0.45153248365439436,-0.48488354708085263,-0.5205423630351244,999.9419398009617,999.0172463903097,0.28047029258657835
2021-01-12 04:54,37.0,0.89158,0.89162,0.89136,0.89136,0.1402253142641915,0.07852859847274198,0.03926507007885703,-0.01346266466526192,-0.050485927058630135,-0.09456302672807741,-0.1220120204392473,-0.1520887902273804,-0.18400543989967794,1000.2439999668953,999.3880230092308,-0.24675295542744113
2021-01-12 05:09,22.0,0.89139,0.89152,0.89136,0.89141,-0.028045849356421623,0.056089339113695166,0.016827132067956153,-0.013461909526913892,-0.05796228900315918,-0.09135222941830497,-0.13182233173554891,-0.15831354966420794,-0.1873611975956106,1000.2152687802115,999.4100439266233,0.02243686826195044
2021-01-12 05:24,11.0,0.89144,0.89144,0.8913,0.8913,0.0617057142490267,0.06357552494006556,0.1346257406446923,0.11218937578399091,0.09162226577071221,0.05609626119933253,0.028048523948148225,-0.007479739256078297,-0.0314152808440957,1000.3321822819653,999.604988143256,-0.15704926859915305
2021-01-12 05:39,34.0,0.89126,0.89126,0.89098,0.89116,0.07854622168638727,0.1458666444840441,0.16550091413904294,0.23337641926997113,0.22440141018273205,0.21318253554811784,0.18653720384327588,0.16456595765916737,0.13464688873797584,1000.4805933690009,999.7887185390734,-0.11220070462053723
2021-01-12 05:54,48.0,0.89112,0.89112,0.8906,0.89068,0.26942074702711627,0.41158577092925713,0.513520615948129,0.5634555462560008,0.6434958507062313,0.654181654936263,0.6579884451072291,0.6447425337499975,0.6330236517758598,1001.1487257358484,1000.117722371215,-0.4937606607415342
2021-01-12 06:09,61.0,0.89072,0.89078,0.89047,0.8907,-0.01122718775808495,0.1646509403788128,0.29186264702088704,0.3928721812846347,0.4508545266118172,0.5323447667314168,0.5527830803944392,0.5649390034851358,0.5600766519805968,1001.1929056649385,999.9275613834498,-0.022453745284611304
2021-01-12 06:24,22.0,0.89067,0.89084,0.89067,0.89076,-0.033679672636716125,-0.05239109202968379,0.07296873293025942,0.1796057658279133,0.27126710903016893,0.32871818644749606,0.4068730738426791,0.4314983910705448,0.447831811286851,1001.1468905313687,999.7489736744775,0.10104752601977668
2021-01-12 06:39,32.0,0.89072,0.89082,0.89064,0.89068,0.044908498940971486,0.03742388916963033,0.028068048177674575,0.13022909111750752,0.2245223296887839,0.309506916262225,0.3662261002981322,0.4415126744699694,0.4691942628858073,1001.2288461467789,999.7097625566832,-0.04490749056934725
2021-01-12 06:54,41.0,0.89071,0.89071,0.89032,0.89036,0.1796864476331918,0.26951756519225983,0.29758813460608974,0.3099389355274308,0.40799139666687306,0.500474819881416,0.5852660495917743,0.6449741828473391,0.7207968147917727,1001.60466546386,999.8374478386237,-0.3929449540253971
2021-01-12 07:09,88.0,0.8904,0.8907,0.8903,0.89045,-0.050537522717580025,0.052406585273603194,0.12633263399291222,0.1572115171903041,0.17405414250719672,0.2630747355955562,0.3494812905180379,0.43040130907588786,0.48952023504420494,1001.3142330410052,999.6650470982497,0.056154537286606576
2021-01-12 07:24,99.0,0.89042,0.89042,0.88982,0.89004,0.2303002057603198,0.2733585863783508,0.38474014367365184,0.4695315666507947,0.5148255837869414,0.5439688194504165,0.6331979867792079,0.7200578853264982,0.8018895372061602,1001.7190238657034,999.885398407452,-0.4267648974640461
2021-01-12 07:39,117.0,0.89,0.89022,0.88963,0.89003,0.005617772384723089,0.1610302946398923,0.2134531675004413,0.3167930682514747,0.40065528268270484,0.4509264528724153,0.4858206462609608,0.5728502827148139,0.65818811954175,1001.5482283721768,999.768581173568,0.03370786516851067
2021-01-12 07:54,93.0,0.89006,0.8904,0.88976,0.88989,0.07865831394331926,0.10862175854289435,0.2387650521106402,0.2966218834316267,0.39510186558301186,0.4782753930216379,0.5322275110308493,0.571692499936673,0.6571686379517584,1001.5068118755779,999.8079573655637,-0.19099835966115036
2021-01-12 08:09,189.0,0.88992,0.89055,0.88966,0.8902,-0.17413333602038927,-0.1797510452871661,-0.179751045286944,-0.08762459830305434,-0.04306241148254649,0.04011859055958711,0.11373201800210817,0.16349545837313828,0.2010581957920756,1000.8908842339881,999.5112725847036,0.31463502337282784
2021-01-12 08:24,118.0,0.89024,0.89061,0.8901,0.89041,-0.1179301574051264,-0.27331969401112616,-0.3117027560384933,-0.3324863947096258,-0.2695750839086879,-0.2390837807479815,-0.17128408349464047,-0.10857011300067558,-0.0651406532942795,1000.5880875834519,999.2816353531721,0.19095974119338996
2021-01-12 08:39,97.0,0.89038,0.89044,0.88966,0.89004,0.20783422767482976,0.198473254507965,0.10673107991078494,0.08313887454950857,0.06928287545475373,0.12518717907082047,0.15447550681117794,0.21719511321491816,0.27635388301376623,1000.9033422707507,999.6494418737813,-0.3818594308047081
2021-01-12 08:54,130.0,0.89,0.89062,0.88997,0.89046,-0.23586097789480742,-0.17595450685493536,-0.20497125560495846,-0.29202655402822825,-0.323855114171594,-0.34498555815378007,-0.3032600478133789,-0.28204133215607935,-0.22912132074147448,1000.3095027693523,999.2323070817351,0.5168539325842876
2021-01-12 09:09,132.0,0.8905,0.89094,0.8903,0.89072,-0.14595999599260856,-0.351837230254049,-0.35090132874425906,-0.39751028828642304,-0.48661619295894004,-0.5278022773099191,-0.5572888114445015,-0.529050366953064,-0.5165695406226988,1000.0383122549199,998.9288154619829,0.2470522178551353
2021-01-12 09:24,198.0,0.89068,0.89085,0.88906,0.88914,0.8881045174441581,1.0866023018491684,1.0678777789028888,1.1397780353030258,1.1483907401292706,1.104791502707885,1.0917514841943166,1.0828574253088719,1.121803455851356,1002.0514939987437,1000.19337182666,-1.7290160326941053
2021-01-12 09:39,172.0,0.8891,0.89037,0.8891,0.88987,-0.41025641601062385,0.04494937577282787,0.19944744696132327,0.19776214222860627,0.26592109042060685,0.28090045634452865,0.2486009188563011,0.2409549819114219,0.23596168541152496,1001.1480504724146,999.3239285807051,0.8660443144753666
2021-01-12 09:54,172.0,0.8899,0.89014,0.88952,0.8899,-0.01685596855839267,-0.2959571895182479,0.008427877734181632,0.1325903779530982,0.1367101363334504,0.19903947467985725,0.21629304702162136,0.19101445588081956,0.18652041722272317,1001.106519429732,999.2665561967424,0.0
2021-01-12 10:09,175.0,0.88994,0.89057,0.88972,0.89034,-0.24712714817481882,-0.34075186666713325,-0.5926458721254462,-0.3886911156627835,-0.3014284172459074,-0.3065109529442811,-0.2583616515819475,-0.24712714817481882,-0.2729666947035886,1000.6640391257818,998.7901019888484,0.4494685034946929
2021-01-12 10:24,114.0,0.8903,0.89067,0.89023,0.89034,0.0,-0.16474464617196716,-0.2555530138974078,-0.4740885960396056,-0.3238987704245904,-0.25836165158128116,-0.2681919455991447,-0.2296515048522225,-0.2224116849440223,1000.7134904227386,998.8417356706639,0.04492867572732787
2021-01-12 10:39,148.0,0.8903,0.89034,0.88972,0.88994,0.2247090027880285,0.2996007841989766,0.21347475180380399,0.1550546121178738,-0.020600851939055722,0.1075456086719206,0.1671321323840454,0.16104657838917832,0.19774658839210252,1001.1423025739257,999.2532297091495,-0.40435808154557673
2021-01-12 10:54,122.0,0.88997,0.89027,0.88976,0.8902,-0.14604526305683785,-0.044934732309117584,0.005616699571360471,-0.06290919060416579,-0.11421306740918748,-0.2680334785038142,-0.16149360555543305,-0.11109231845497992,-0.11795797901108113,1000.8036422612538,998.9604556942617,0.25843567760705694
2021-01-12 11:09,125.0,0.89017,0.89026,0.8898,0.89013,0.03931932629633811,-0.04493826606476819,0.025276887236996858,0.06740361285902526,0.013106613878798403,-0.030493603166074777,-0.16571986359028953,-0.0736498822247958,-0.029209643228995726,1000.8917414553871,999.04984011135,-0.04493523708958963
2021-01-12 11:24,104.0,0.8901,0.89036,0.88959,0.88969,0.2472465735228174,0.355865891013315,0.3371392641841351,0.4157887403627096,0.4682182881705721,0.4350488936749268,0.40595789411639827,0.2921939289404552,0.37871190085555134,1001.2961691213255,999.4613981211963,-0.46062240197733006
2021-01-12 11:39,108.0,0.88972,0.88972,0.88918,0.88946,0.1292835724537272,0.3372264282582826,0.46084763057591094,0.4765801419231202,0.5619808849620793,0.6229769507348228,0.6069257151899138,0.5906958706277987,0.49568357295601434,1001.3213325284061,999.6702803603122,-0.29222676797186414
2021-01-12 11:54,85.0,0.8895,0.88986,0.88935,0.8898,-0.19107242264917187,-0.1685914190961804,-0.033716010050578595,0.06293351076630894,0.07866626963020186,0.1541158569006495,0.21069931179260193,0.19977525350489256,0.1876650151281213,1000.7972228371078,999.5781424135097,0.3372681281619764
2021-01-12 12:09,108.0,0.88976,0.89017,0.88973,0.89002,-0.12360036646394879,-0.29217094455462916,-0.3118393631158125,-0.22473930335553047,-0.1535663924839137,-0.1444694682341667,-0.08146216157354992,-0.03245922310396139,-0.042696581246725436,1000.5630160469603,999.3515926135183,0.29221363064201356
2021-01-12 12:24,131.0,0.89,0.89016,0.88938,0.88948,0.3035020790707041,0.3222337571486083,0.23606513259012443,0.23606513258968045,0.3184874496033386,0.38859459314858713,0.4046489725423187,0.4670802201514796,0.5170224120742871,1001.2117220848278,999.82259009757,-0.5842696629213089
2021-01-12 12:39,148.0,0.88944,0.89036,0.88944,0.89012,-0.35956672597384237,-0.27715459785899377,-0.2977569931688641,-0.3865394430724449,-0.40264849611669606,-0.34351188262838583,-0.2893286892388265,-0.27965183528994497,-0.2269614478652881,1000.4171652532816,999.1289633585899,0.7645259938838077
2021-01-12 12:54,157.0,0.89016,0.89038,0.88973,0.88976,0.20228128405198836,0.029970179673527136,0.09552681641671987,0.08541264426986943,0.014985202113333294,0.0016055681105069588,0.053383757582705776,0.1023944058583567,0.11238354267202573,1000.678816905638,999.5459628102395,-0.44935741889093644
2021-01-12 13:09,152.0,0.88972,0.88972,0.88891,0.8891,0.3710929855407676,0.6296521380078178,0.5790697378624263,0.6701162160279908,0.6895983363130752,0.6489209507930719,0.6507273829555342,0.7070819672637053,0.7600305277496241,1001.5183726966978,1000.0022661515753,-0.6968484467022815
2021-01-12 13:24,146.0,0.88906,0.89002,0.88902,0.88966,-0.31477651127806866,-0.17236534000530704,2.2204460492503128e-13,-0.0404657154283049,0.033720178720436096,0.0513826757002127,0.016860231491191598,0.01873357299846889,0.06968711611648107,1000.7589872252538,999.380391863386,0.6748700875082053
2021-01-12 13:39,135.0,0.8897,0.89028,0.88948,0.89003,-0.20787976758620652,-0.4869935363571579,-0.4410936384058123,-0.3326283740193376,-0.3802092695118208,-0.32749041500265524,-0.31886030887782446,-0.35460771893123594,-0.35735517101285713,1000.3045823532915,998.9808349921907,0.37091154321674885
2021-01-12 13:54,159.0,0.89,0.89064,0.88964,0.8902,-0.0954887197653832,-0.26589320612282596,-0.5084419734266732,-0.5056321914519464,-0.43632673511752806,-0.4895764459025562,-0.45365264890252316,-0.45318437701544007,-0.4910214524463235,1000.2471653981715,998.7710327595454,0.22471910112357074
2021-01-12 14:09,210.0,0.89024,0.89078,0.88996,0.89,0.11235323870037313,0.08613861206048015,-0.030899353784399126,-0.22699205288187077,-0.23410979856392444,-0.1813968687523005,-0.2317684292615137,-0.20351633850747888,-0.20563911980281738,1000.5101079515446,999.0786560933989,-0.2695902228612711
2021-01-12 14:24,153.0,0.89004,0.89039,0.88962,0.89039,-0.21902914017530403,-0.21715689296393023,-0.2639641248767628,-0.375186895775747,-0.5542178742306911,-0.5761575268090714,-0.5420442502602604,-0.5954220088847597,-0.5774418140687582,1000.2349825434302,998.6104672033096,0.3932407532245309
2021-01-12 14:39,257.0,0.89035,0.89042,0.8896,0.8901,0.16288977734162033,0.07115052270540566,0.08144820530597381,0.049431426263851656,-0.04119472183801427,-0.19582381697461468,-0.21910050902122225,-0.1922565557295817,-0.24269881196709323,1000.5787518760638,998.9359093979502,-0.28078845397874147
2021-01-12 14:54,219.0,0.89006,0.8905,0.8897,0.88994,0.08988966050241735,0.2284537250699683,0.18819722562968366,0.20898101607108133,0.191005871202858,0.11878104974729391,-0.014045989378618132,-0.034959272451499636,-0.011236775719731371,1000.7525953054925,999.2249312693326,-0.13482237152552523
2021-01-12 15:09,172.0,0.88997,0.89011,0.88949,0.88992,0.011236901986400509,0.07491029495666876,0.1882014547627624,0.1685402730970769,0.192882631517457,0.18298526056682404,0.1235989776566987,0.007491282020320113,-0.01123702825578564,1000.7392711796998,999.2382548900589,-0.0561816690450178
2021-01-12 15:24,198.0,0.88996,0.88996,0.88909,0.88965,0.15173355616701836,0.20979833212332594,0.28377921044144955,0.3933357733400904,0.3933357733405343,0.42543798679121025,0.42563862238385286,0.37960284508621644,0.2798461875730045,1001.0452517493804,999.5145189469603,-0.34833026203416045
2021-01-12 15:39,159.0,0.88962,0.88962,0.88908,0.88932,0.18551780602516396,0.3485201980244495,0.43563127172371646,0.5238586241142865,0.6369880424167925,0.6551817400135647,0.6969189720379596,0.7081556214940619,0.6755689902128326,1001.3318815931055,1000.0197128835729,-0.3372226343831827
2021-01-12 15:54,188.0,0.88929,0.88976,0.88916,0.88956,-0.13490725146942498,-0.05620914299411399,0.059016199963943784,0.1326410521501425,0.21169274656756015,0.3147128271457985,0.33718852529727766,0.3796412435888018,0.39449926922334083,1001.0736575130679,999.7154966755195,0.3036129946361619
2021-01-12 16:09,89.0,0.88953,0.88964,0.88926,0.88944,0.06745590073036022,-1.1102230246251565e-13,0.059024161979348067,0.1551417695342268,0.22296189036671915,0.29709306698987886,0.39342862307237536,0.4196516952566405,0.4631055581246971,1001.2039433091937,999.7224823069241,-0.10117702606998583
2021-01-12 16:24,148.0,0.88941,0.89012,0.8892,0.89006,-0.3483517938823781,-0.41953537073740493,-0.5225732072586335,-0.5102081062947621,-0.45138229568472055,-0.4061546124273817,-0.3497566838830323,-0.26968110373131926,-0.24945249800976108,1000.4630567028698,999.0381005224857,0.730821555862795
2021-01-12 16:39,121.0,0.8901,0.89034,0.89006,0.89024,-0.10110144415179965,-0.36700958756386765,-0.46627511637938646,-0.5797870231698988,-0.5936490959203444,-0.5601984757893118,-0.5323015143193223,-0.49062476991305914,-0.42469477106548886,1000.3322512458257,998.8185395521612,0.15728569823618582
2021-01-12 16:54,72.0,0.89028,0.89028,0.88936,0.88936,0.4946154465819314,0.5920108683246852,0.4665188504826663,0.41819085850672755,0.34101108241755745,0.3388700883223392,0.3751994608540356,0.40595239173159026,0.44853661468320766,1001.1605155442764,999.7367589002677,-1.0333827559867916
2021-01-12 17:09,99.0,0.88941,0.88962,0.8892,0.88938,-0.011243851019002918,0.31477651127766776,0.42717268543066456,0.35524058929814184,0.3297633977530518,0.2730261431465376,0.2768399510374141,0.31352759393315976,0.3451247232925976,1001.048297816647,999.6420707547168,-0.03373022565530578
2021-01-12 17:24,87.0,0.88942,0.88948,0.88912,0.88912,0.14620129695337616,0.18743369587891726,0.4554028566684398,0.5756845407792422,0.5397139647070178,0.5332905113946541,0.4947489250174439,0.5059903744900338,0.5453344525088244,1001.3141942700889,999.77677207866,-0.33729846416762266
2021-01-12 17:39,84.0,0.88909,0.88953,0.88909,0.88932,-0.1124517864150915,-0.0524759266808299,-0.028111761119313877,0.184393559340363,0.29231547793755636,0.2698327053615238,0.26983270536085785,0.23985488894251794,0.252970294203998,1001.0035620803208,999.5024425074536,0.2586914710546204
2021-01-12 17:54,85.0,0.88929,0.88936,0.88886,0.88902,0.16871088056478498,0.1499666327051554,0.2136956419845181,0.24743288509217062,0.434841289783916,0.5397746571921341,0.5313429184404256,0.5397746571916903,0.5195383647493585,1001.342805999653,999.6965406967091,-0.3036129946361619
2021-01-12 18:09,94.0,0.88906,0.88918,0.88886,0.88892,0.05624644945767672,0.18747586303163255,0.19684873363295236,0.2609568131281322,0.2999445125143357,0.4691592174620888,0.5707546064836561,0.5723161590604775,0.5870570952276679,1001.4906673895503,999.6837915043884,-0.15746968708514383
2021-01-12 18:24,81.0,0.88889,0.88892,0.888,0.888,0.5178838930019403,0.727963198711918,0.9173718785092625,0.986000228456947,1.0804971337541789,1.1447756396871147,1.3167003370927666,1.4279089814926755,1.4471505705139387,1002.768110257881,1000.1282861385155,-1.0012487484390042
2021-01-12 18:39,141.0,0.88796,0.88802,0.88732,0.88757,0.24220508129496465,0.6682685336548203,0.9093737913397482,1.121535855813598,1.22544320356361,1.341448708195536,1.4256313435769097,1.6010950905688066,1.7211989149078541,1003.4689407489057,999.9764213070451,-0.4392089733771808
2021-01-12 18:54,75.0,0.8876,0.88776,0.88728,0.88769,-0.06759344796742668,0.07134368320426525,0.3998344400821262,0.6193938022144195,0.8220212048874349,0.9345742456270552,1.055554637103472,1.1471398760648799,1.3194099244179847,1003.1375433227419,999.5030181345236,0.10139702568728538
2021-01-12 19:09,80.0,0.88766,0.88766,0.88704,0.88708,0.3437655890691427,0.41325574731841414,0.5691215115313889,0.8698925352422662,1.0891242640577186,1.2939402279799455,1.419382694278444,1.5494545591668298,1.6512490052549111,1003.5095835747667,999.7956425604181,-0.6534033301038967
2021-01-12 19:24,77.0,0.88712,0.88729,0.88692,0.887,0.045094811849676404,0.2893230424650264,0.37760626260621055,0.5274820519172693,0.8001307682711911,1.0109238579352224,1.211216575550636,1.3419527423333586,1.4757988607769335,1003.4878792129036,999.4658975627444,-0.13526918567951232
2021-01-12 19:39,105.0,0.88696,0.88704,0.88664,0.88675,0.14095426057590912,0.21800085783219927,0.4284393598360449,0.5276307248573084,0.6745210733556939,0.927516881762674,1.1313023227520485,1.3273146995352063,1.461575865733366,1003.5483244245534,999.3769645520464,-0.23676377739687526
2021-01-12 19:54,91.0,0.88671,0.88702,0.88651,0.88694,-0.1071155749886681,-0.04885831278189491,0.0028186759836360794,0.1713610581673849,0.26116356973071353,0.3945373537146646,0.6241427925684209,0.8152056967375004,1.0018206024029728,1003.0380624759346,998.9665827086322,0.2593858194899713
2021-01-12 20:09,78.0,0.88691,0.88701,0.88646,0.88654,0.22557069481195283,0.2293297753409123,0.30168932149981337,0.3631438371425494,0.5187365498554751,0.6105345588697695,0.7399634866164236,0.9558200203427264,1.1397387275409527,1003.002874176264,999.2779027768343,-0.4171787441792081
2021-01-12 20:24,63.0,0.88657,0.88664,0.88632,0.88642,0.06768571270028738,0.24063950063082176,0.27353493310340526,0.3496602127940648,0.4154428238434414,0.5606862430753736,0.652694148571734,0.7781092339159513,0.9821217436334064,1002.619150553935,999.3460578123014,-0.16919137800735812
2021-01-12 20:39,35.0,0.88646,0.88664,0.88634,0.88664,-0.12407157818028455,-0.12031160720767474,-0.0056392832470413615,0.020301156376592484,0.084585432747563,0.14338823193909028,0.2734670707716763,0.3595952775148444,0.4769682500612986,1001.607506320159,999.3466577148492,0.2030548473703923
2021-01-12 20:54,65.0,0.8866,0.88674,0.88612,0.88624,0.22564704385296472,0.21812629598947952,0.248208948078597,0.35649900309586063,0.39296905545397404,0.45929924636315655,0.5203218216129933,0.6442128230632644,0.7297841933659581,1001.7395434716723,999.7205576296094,-0.40604556733592034
2021-01-12 21:09,38.0,0.8862,0.88632,0.8861,0.88632,-0.045131445342017955,0.09025678060155089,0.09589755891653769,0.12635721200543887,0.22186665153225577,0.2594662905806856,0.3229124758995793,0.3822819269191558,0.4985669124784132,1001.4290131287376,999.5683693064998,0.13540961408261
2021-01-12 21:24,12.0,0.88629,0.8865,0.88629,0.88647,-0.0846088112119111,-0.14289904582813284,-0.05922541618153237,-0.058661348055071255,-0.03572284711453385,0.045121772391442355,0.07896176562621056,0.1366124501182942,0.19175347329931364,1000.8198545229708,999.5636891953725,0.20309379548450052
2021-01-12 21:39,17.0,0.88644,0.88644,0.88623,0.88631,0.09025779889945484,0.063933449061934,0.028206437275021208,0.09702680542286655,0.10153945098454288,0.12410237333554297,0.19742835530138822,0.2306426290443704,0.2854124370075244,1000.8522957544153,999.7186105876094,-0.14665403185772696
2021-01-12 21:54,32.0,0.88635,0.88663,0.88625,0.88642,-0.062049261492355276,-0.022562922350906862,-0.04512635379809931,-0.07671601315199045,-0.022562922350573788,-0.01933961655996971,0.0,0.06517891614744051,0.09588674091117644,1000.5620439222846,999.6297387540986,0.07897557398320583
2021-01-12 22:09,2.0,0.88654,0.88661,0.88654,0.88661,-0.10715544599573043,-0.18423927093387354,-0.17765871244143383,-0.2075535980780246,-0.24252610799595917,-0.20304110524059016,-0.20445125706515174,-0.19050650975778982,-0.1342281124187542,1000.3031295162536,999.4284322752889,0.07895864822795869
2021-01-12 22:24,7.0,0.88668,0.88687,0.88668,0.88668,-0.03947386971273741,-0.12406598070348462,-0.19738493227495005,-0.20528114000916134,-0.23874671249191615,-0.27554401989973604,-0.2467372535716756,-0.25190763770567404,-0.24250695916460138,1000.0790945501319,999.4359503364105,0.0
2021-01-12 22:39,2.0,0.88674,0.88678,0.88674,0.88678,-0.056385360119645934,-0.10149593743043644,-0.17762465138504846,-0.24811936924567915,-0.26503884101940023,-0.3012958159586791,-0.3397699325020821,-0.31955908637471164,-0.32820739844031677,1000.0566399808033,999.2870529306284,0.04510905113115457
2021-01-12 22:54,6.0,0.88674,0.88674,0.88665,0.88669,0.0507492563936319,0.030073944312863123,2.2204460492503128e-13,-0.060902507510865,-0.12218470018368613,-0.14017799405634637,-0.17482271047920234,-0.2117963028788018,-0.19625469410625887,1000.2069017297783,999.4006273953945,-0.05638631391388061
2021-01-12 23:09,29.0,0.88665,0.88665,0.8863,0.88634,0.19742167359274604,0.29705781377077944,0.31867566560600535,0.3158559723031045,0.2782593018606032,0.23367856089462868,0.2228016327319497,0.1955416509940255,0.16470877607826404,1000.5721636825118,999.7572810001154,-0.34963063215477636
2021-01-12 23:24,29.0,0.8863,0.88656,0.8863,0.88636,-0.011282161210630375,0.11657487974960785,0.20587708646677028,0.23689598684821733,0.24441557537721062,0.2191710187337402,0.1847272845333122,0.1779905870235276,0.15568082754344495,1000.5332371823481,999.7781487105168,0.06769716800187296
2021-01-12 23:39,21.0,0.8864,0.88654,0.88628,0.88632,0.02256495887672982,0.02256495887628574,0.12128066758759713,0.20081023612949583,0.2350266860115126,0.24818654730720704,0.2312666938322606,0.2043196694869395,0.20081023613038382,1000.5783916745037,999.8232691252074,-0.09025270758119246
2021-01-12 23:54,9.0,0.88636,0.88636,0.88614,0.88614,0.10155892965638112,0.15045399521345676,0.16925915309304004,0.2595189886546689,0.33660948070948205,0.37555537908728226,0.39489346851632695,0.3861197520637595,0.3666919631182766,1000.8161476140109,999.9173707916584,-0.24820614648675252
2021-01-13 00:09,48.0,0.8861,0.88629,0.8859,0.8861,0.022570561218341133,0.09780208627162632,0.14669954267360238,0.17152349011024767,0.25388944661518353,0.3272232876777674,0.368118670946652,0.3911509666914872,0.38814269695848463,1000.8935422629784,999.8828938051855,0.0
2021-01-13 00:24,38.0,0.88606,0.8861,0.88581,0.8861,2.2204460492503128e-13,0.015047097415148716,0.07335246143127637,0.11736135574790185,0.1429382847582898,0.2176234719535997,0.28632623190678047,0.3272232876768796,0.3520427542631952,1000.9089958769378,999.7952135802342,0.04514366972895742
2021-01-13 00:39,42.0,0.88614,0.88636,0.88611,0.88621,-0.06206396539929022,-0.08275280988130233,-0.08181239857349593,-0.04062325094977531,-0.005642019504486341,0.016119880326671426,0.08180570585225737,0.14417414255399516,0.18278421020961358,1000.732997815432,999.6326040170904,0.07899428984135068
2021-01-13 00:54,45.0,0.88618,0.88624,0.88592,0.88622,-0.005641955840164158,-0.048898008168281555,-0.07052673600940432,-0.07447638030239444,-0.04325580827434636,-0.014507950759737471,0.004231445990524183,0.06268625655989636,0.1196019738005222,1000.6249657233308,999.6142525294729,0.04513755670410075
2021-01-13 01:09,40.0,0.88626,0.8864,0.88604,0.8861,0.06771015542092239,0.08651771831839215,0.06488899047712204,0.05191152922310241,0.050783046373198866,0.07899473560663692,0.10579510319572427,0.12413178297354958,0.17829355064672203,1000.569351685539,999.7872672062339,-0.1805339290953546
2021-01-13 01:24,48.0,0.88614,0.88652,0.88579,0.88579,0.17496973350489017,0.27843205309042673,0.32733778729772,0.33185204218522957,0.3348615341237755,0.34346003261127217,0.3753007035083456,0.405080441595971,0.42664668771373726,1000.7848506600548,1000.0686247686588,-0.3949714492067534
2021-01-13 01:39,49.0,0.88582,0.88586,0.8857,0.88577,0.011289548700827871,0.13170347170564561,0.22576676131895793,0.2799432004496009,0.29536789979600364,0.3063853965217238,0.32029145384862834,0.3536786377343316,0.3849016996175742,1000.8061191893216,999.9638323782411,-0.05644487593428181
2021-01-13 01:54,34.0,0.88573,0.8859,0.88569,0.88584,-0.03951130164828136,-0.045155900754911375,0.03950974056744764,0.11739580007368479,0.1674353331973419,0.18544035283629484,0.19894390482409702,0.21446268713613825,0.24719242023973909,1000.6587831538614,999.835662795746,0.12419134499220245
2021-01-13 02:09,31.0,0.8858,0.886,0.8857,0.88572,0.067739204090551,0.06397603535167874,0.067739204090551,0.13998929782042296,0.21072912354466602,0.25964203411769565,0.28080553272621794,0.2972657219950986,0.31494836631114403,1000.7332495355785,999.8967463999317,-0.09031384059616167
2021-01-13 02:24,32.0,0.88576,0.88577,0.8856,0.88566,0.03387247015347225,0.09032403754599783,0.09879149780199384,0.10838786608385201,0.17311390561879553,0.23869581879596516,0.2864684597353117,0.3098276216661042,0.3285145583507254,1000.788649317876,999.8684877324595,-0.11289739884391821
2021-01-13 02:39,17.0,0.8857,0.88585,0.88563,0.88585,-0.10724738312522974,-0.1204189074190505,-0.09313522818491689,-0.09257074613048122,-0.08843122079403978,-0.03547906413003961,0.02116588764484193,0.06396664705906117,0.08578962582926007,1000.5355498884228,999.6360367233062,0.169357570283373
2021-01-13 02:54,17.0,0.88588,0.88592,0.88582,0.88584,0.0056443442263690614,-0.06397146122397272,-0.08184657159128314,-0.06547672135610655,-0.0677346158011515,-0.06612183353358975,-0.021166574593050384,0.028848535781682068,0.06773002813393793,1000.5003717015423,999.6350929421859,-0.04515284237147244
2021-01-13 03:09,20.0,0.8858,0.88583,0.88566,0.8857,0.07903040981403685,0.10913558978849305,0.07056316464632092,0.06096686678428825,0.07714880597250619,0.0774176067382796,0.08044161037133529,0.12167914729166628,0.16821437098437958,1000.5495000223326,999.7869570172973,-0.11289230074507675
2021-01-13 03:24,15.0,0.88573,0.88576,0.88562,0.88568,0.011290695902421334,0.06774226329470215,0.09878926705008576,0.0745162372348731,0.06962392732584795,0.08548352632869624,0.08749955902955804,0.09157641273944436,0.12983530691850886,1000.4034903852781,999.8561970864954,-0.05645061136011481
2021-01-13 03:39,9.0,0.88564,0.88568,0.88564,0.88564,0.02258228419916066,0.03763685702567388,0.08468093639629987,0.11516431815616808,0.09973457439019393,0.09839050878304405,0.11431757009957554,0.11792408462514482,0.12306726544844435,1000.2931050138875,999.9530446631827,0.0
2021-01-13 03:54,16.0,0.88568,0.88576,0.88568,0.88574,-0.05645156739261618,-0.0602151185291877,-0.05645156739239412,-0.022580244545660936,0.0018816640308424537,-0.011290058538511814,-0.012701324819238,0.0012544430801907454,0.004515987725861291,1000.1717299326915,999.8373020631541,0.06774455785379481
2021-01-13 04:09,14.0,0.88577,0.88588,0.88577,0.8858,-0.03386826374656903,-0.08279111430309598,-0.0959630599400816,-0.09935015972017228,-0.07526436612131987,-0.056447743515933346,-0.06914892493855858,-0.07150101327557926,-0.05983470945512292,1000.1109444399101,999.7693897213006,0.03386883728291263
2021-01-13 04:24,11.0,0.88584,0.88606,0.88584,0.88599,-0.1072304354863571,-0.1655535701271252,-0.22293932897267627,-0.24834063431990724,-0.261511935559206,-0.24834063431890785,-0.23705108561902433,-0.2521038455431372,-0.25737236504697175,999.974367701025,999.510953803733,0.16933080466009043
2021-01-13 04:39,20.0,0.88602,0.88602,0.88586,0.88592,0.0395061728448437,-0.018813011832195217,-0.06490638666976149,-0.1151411778868394,-0.14110621652719038,-0.15642751833795485,-0.14816205004380126,-0.14047903373569645,-0.1557824061597094,1000.0961857774182,999.5922736771605,-0.11286426942957155
2021-01-13 04:54,21.0,0.88596,0.88614,0.88592,0.8861,-0.10157383015412744,-0.10909822801464639,-0.16647362348492944,-0.21444574322803364,-0.2652422608545453,-0.29507633903387637,-0.31463023799686757,-0.3122783742508828,-0.30926799672623695,1000.0030737935623,999.3784858498195,0.15802067813448575
2021-01-13 05:09,16.0,0.88613,0.88613,0.88596,0.88596,0.0790072179148816,0.037623263220213796,0.03668269889182959,-0.006772337710085929,-0.04703106967371336,-0.09191421024301367,-0.11993359925950683,-0.13921838307189274,-0.13884209104895134,1000.1864345531552,999.5359005409808,-0.19184544028528938
2021-01-13 05:24,27.0,0.88592,0.88602,0.88586,0.88592,0.02257514702181278,0.08277304763758139,0.06208042803645715,0.06546652236186676,0.03198130786896041,-0.0016125300025806799,-0.04091875299991091,-0.06647422589793368,-0.08466134057774087,1000.2454761361956,999.5852083499892,0.0
2021-01-13 05:39,26.0,0.88596,0.8863,0.8859,0.88623,-0.1749134606006699,-0.21817634754036463,-0.20030666735494423,-0.23021504895644582,-0.23698688219231695,-0.2724591388599208,-0.30752953866082783,-0.34734914643674797,-0.37469077164153275,1000.024613823751,999.2261450086073,0.3047541649735795
2021-01-13 05:54,25.0,0.8862,0.8862,0.88593,0.88611,0.06770939131858798,-0.026332668121681512,-0.06207096970916302,-0.05191363828941838,-0.07900008468391062,-0.08706166873643519,-0.11991329577739057,-0.15298995061437512,-0.1907394318920718,1000.1948920214631,999.4236654939705,-0.10155721056198883
2021-01-13 06:09,38.0,0.88608,0.8861,0.88574,0.88577,0.19190499632773916,0.30101102303877325,0.26809235518886226,0.2573700408381771,0.2765572589919821,0.2612397615329677,0.25962737972965155,0.2345455502596808,0.20770729601439544,1000.549295155339,999.8661625819974,-0.34985554351755205
2021-01-13 06:24,28.0,0.88581,0.88585,0.88559,0.88576,0.00564485401014886,0.13546770244881617,0.23423466751969332,0.22351186907139664,0.22388810956064206,0.2467310168730929,0.23846731946613126,0.24081878502878018,0.22125442316921784,1000.5566734945393,999.8858843089293,-0.05644551314615379
2021-01-13 06:39,24.0,0.88572,0.88582,0.88565,0.88569,0.03951643178442078,0.05645156739255018,0.16087856666516648,0.2506206260337781,0.2521256652823336,0.25965082754437757,0.2850478321091443,0.2822259745651871,0.28786968169090993,1000.6560965401081,999.9197257001797,-0.03387074922094397
2021-01-13 06:54,28.0,0.88566,0.88586,0.8856,0.88576,-0.03951487029744255,-0.02634307337294323,-0.016934753218448402,0.06547834757491645,0.1429931478617496,0.1483684313414873,0.15804386879120735,0.18312790029820805,0.18287706309795057,1000.5692338980685,999.7965536741863,0.11291014610571662
2021-01-13 07:09,75.0,0.88572,0.8859,0.88556,0.88565,0.06209935333995722,0.05645411693130461,0.07338973055163558,0.08580899825449347,0.15806349669374364,0.2290226548904733,0.23849693418684415,0.25088279514667483,0.2765947255781785,1000.7047742706976,999.848491692155,-0.07903174818216083
2021-01-13 07:24,61.0,0.88568,0.88582,0.88554,0.88554,0.062107066957374654,0.12421027686608795,0.1355013552213318,0.15808312947100145,0.17501912552059135,0.2419538267129747,0.30908563823499663,0.3224129058323018,0.3375900954452385,1000.7961243992349,999.8791697715537,-0.15807063499235502
2021-01-13 07:39,109.0,0.88556,0.8856,0.88496,0.88556,-0.011292353382980631,0.026348328670283475,0.07622005014485252,0.09033423673631638,0.11291652093611852,0.13065938649072484,0.19195049994271732,0.2546714344550905,0.26984930942899743,1000.7538970193452,999.7858744247133,0.0
2021-01-13 07:54,90.0,0.88552,0.88662,0.88549,0.88662,-0.5979545619888803,-0.8048774500918143,-0.8773105776489561,-0.8959370870680315,-0.9215255848887782,-0.9285141540079621,-0.9323444481885111,-0.8926758549767178,-0.8473960006967819,999.8907336995493,998.4151921762493,1.2422079681994647
2021-01-13 08:09,163.0,0.88666,0.88705,0.88623,0.8863,0.18050948852004803,-0.1579725356750777,-0.33289981433681054,-0.41303801326890616,-0.4457723644173511,-0.48044291956406443,-0.4965691687448231,-0.507857697906074,-0.4785077871385074,1000.2783629170757,998.7648504418327,-0.40601809036161207
2021-01-13 08:24,111.0,0.88627,0.88662,0.88617,0.88662,-0.1804769107251199,-0.1203143213091792,-0.3891939504083841,-0.5550704472748897,-0.6449787314805197,-0.6914676555020036,-0.736211926882994,-0.7622352917902528,-0.7819257095113096,1000.1199524460432,998.3168073834222,0.3949135139404036
2021-01-13 08:39,120.0,0.88666,0.88714,0.88663,0.88681,-0.10713127820672083,-0.26314998197033274,-0.2509307712087512,-0.48274525072585,-0.6410792911259747,-0.7364571588305332,-0.7924791049395379,-0.8448317858399066,-0.8788154720428681,1000.1899829273056,998.0531582190509,0.16917420431730706
2021-01-13 08:54,164.0,0.88684,0.88732,0.88684,0.88708,-0.15219627712181918,-0.2743458466026152,-0.4256440749631917,-0.4442525186305203,-0.6559244399746703,-0.8103695518984062,-0.9107045055180346,-0.9749581903714687,-1.0342633037241042,1000.2209673574878,997.7115753669568,0.2706237878309706
2021-01-13 09:09,168.0,0.88704,0.88772,0.88684,0.88772,-0.3605390097190952,-0.5821847868657086,-0.7465724923505099,-0.9173764580116018,-0.9711227937362209,-1.1802831312005084,-1.3400020745398593,-1.450457373745109,-1.5264200978947207,1000.0494733169483,996.9000152605314,0.7665945165944071
2021-01-13 09:24,186.0,0.88768,0.88776,0.88726,0.88732,0.22537242889129033,0.06010428094534494,-0.09861641182300891,-0.23669572874770203,-0.3888868585530988,-0.446065173168606,-0.6383613073914889,-0.7904569340113297,-0.899741976832258,1000.72367728402,997.4776480552038,-0.40555155010817745
2021-01-13 09:39,159.0,0.88736,0.8883,0.88722,0.88746,-0.07887990538489756,0.045071438237031004,-0.07324542008110858,-0.20510069727304858,-0.32870732853150386,-0.4685413235298821,-0.5283323629252819,-0.7076374411298324,-0.8533601996419904,1000.7368559595864,997.5571516576586,0.1126938333934243
2021-01-13 09:54,156.0,0.88749,0.8879,0.88722,0.88729,0.09579272715140373,0.07513232684602547,0.17749103787289874,0.09466580723118401,-0.011270335912771873,-0.11753974829389517,-0.242340218672595,-0.29933314060569527,-0.4644430599648976,1000.899797989907,998.1715315641284,-0.2253546518833767
2021-01-13 10:09,118.0,0.88726,0.88776,0.88704,0.88739,-0.05634659921578812,-0.011269065850947134,-0.0281729027404332,0.05183606732121465,-0.015025449355404938,-0.1062562386286327,-0.20145370753558353,-0.31558185666289623,-0.3708189223256864,1000.599350581375,998.6591490636515,0.1465184951423072
2021-01-13 10:24,171.0,0.88742,0.8881,0.88738,0.88803,-0.36041312744416304,-0.5181347266175198,-0.5491186783413086,-0.5992583793904769,-0.5575690136088084,-0.6308082439528366,-0.723773453903659,-0.8198778903871208,-0.9328358885402743,1000.170558513912,997.9646396212862,0.6873859052083562
2021-01-13 10:39,113.0,0.888,0.88817,0.88788,0.88806,-0.01689089327516635,-0.26277953323901937,-0.41390903884017227,-0.46629341512815603,-0.5275058762766155,-0.5068509459901567,-0.5814923679305909,-0.6733543437336469,-0.7682611654638505,1000.2420097431994,998.2220579999712,0.06756756756751012
2021-01-13 10:54,93.0,0.8881,0.88843,0.88797,0.88826,-0.11258598766694032,-0.16137718574462523,-0.3659508146649741,-0.5112422735292917,-0.5761985135091573,-0.6451286177394109,-0.640501837473417,-0.7170140988353816,-0.808648756027771,1000.1848220707778,998.1985341537509,0.18015989190412002
2021-01-13 11:09,114.0,0.88823,0.88864,0.88789,0.88793,0.18580819580217015,0.17267137676992203,0.15765765798445755,0.004504849469822298,-0.11638231227270458,-0.17538312810938833,-0.23934930893069742,-0.23903639662000012,-0.31088363290368404,1000.542368925405,998.835960447406,-0.33775035745242443
2021-01-13 11:24,101.0,0.8879,0.88828,0.88779,0.8881,-0.09571452306283985,-0.003753338125144491,-0.014075090608436376,-0.02702434894082906,-0.15577537222896473,-0.2638403588085228,-0.3209613100254809,-0.3829130721505509,-0.3874188045681484,1000.3928494566434,998.8324630081693,0.2252505912827773
2021-01-13 11:39,88.0,0.88813,0.88878,0.88813,0.88856,-0.2588792792850822,-0.40898491640917806,-0.3911586930016003,-0.425497912137733,-0.45402100158010206,-0.5773444727659274,-0.6839242883799221,-0.7455536080634197,-0.8106282812733702,1000.1379394810839,998.2414608970561,0.4841633544639202
2021-01-13 11:54,118.0,0.88859,0.88895,0.88832,0.88884,-0.15752106876852212,-0.382594218492089,-0.5429897485842305,-0.5649406118599286,-0.6170992966018858,-0.6591820272352164,-0.7808164359708434,-0.8879429198434963,-0.954507870618374,1000.1188012499274,997.9730938043007,0.2813446021224327
2021-01-13 12:09,75.0,0.8888,0.8889,0.88856,0.88886,-0.011250428922710458,-0.12001110117102795,-0.30380601657030687,-0.4523670011285554,-0.4895106960182779,-0.5482037622525813,-0.5964472180380678,-0.7140280549989468,-0.8193622039140538,1000.3167054551532,998.0452413081169,0.06750675067501011
2021-01-13 12:24,108.0,0.88882,0.88894,0.88826,0.88858,0.15754233982954463,0.202549878599651,0.1462901386177888,0.009003088058729835,-0.114421304996954,-0.14952742127573826,-0.20399793821823733,-0.25011818214471887,-0.35906420825204466,1000.6151209758966,998.6668795192751,-0.2700209266218334
2021-01-13 12:39,82.0,0.88854,0.88854,0.88802,0.88808,0.28146655518783414,0.4803218248507058,0.5741077566550351,0.5673554634067604,0.4765702046198188,0.3843831140710194,0.361670018753785,0.31898944415412256,0.28146655518783414,1001.0282906309731,999.5347217102576,-0.5177031985054312
2021-01-13 12:54,125.0,0.88812,0.88836,0.88796,0.88826,-0.10132681848082419,0.05253579001871195,0.20825066701423817,0.29716611804486354,0.3039188672583447,0.2347814211847366,0.15900611362726644,0.14134001615769032,0.10469359402963099,1000.8199866205636,999.3894115286271,0.15763635544749469
2021-01-13 13:09,111.0,0.88824,0.88877,0.88815,0.8887,-0.24758325113227558,-0.3976635443711466,-0.33200064454225636,-0.22957512946983039,-0.1650486897382519,-0.16397685712356508,-0.22788688468956508,-0.29885815151752854,-0.3184933827003929,1000.3942202196789,998.968894442187,0.5178780509772313
2021-01-13 13:24,102.0,0.88874,0.88877,0.88824,0.88832,0.2138640170689966,0.12006964053533771,0.02251415577656695,0.07654606162936951,0.16509203918639007,0.22511875109203267,0.2307460706020189,0.1775979013093461,0.11594248590312702,1000.8233496527859,999.4085487622,-0.4725791570087719
2021-01-13 13:39,192.0,0.88828,0.88832,0.88752,0.88804,0.1576381307384386,0.35277472697399953,0.32650855686192115,0.2702215833406556,0.3265085568616992,0.411737085958098,0.47283986245429427,0.4853458184159385,0.44357531431389874,1001.115418981612,999.7719284351707,-0.2701850767774879
2021-01-13 13:54,191.0,0.88806,0.88878,0.888,0.88838,-0.19137786491946784,-0.15009718821123771,-0.022513142047525872,-0.045026790948804664,-0.09380810246248357,-0.048243067882024496,0.025326678984211808,0.08004262273913199,0.09229858373258003,1000.7182907059666,999.4663149807892,0.3603360133324178
2021-01-13 14:09,160.0,0.88834,0.88848,0.88723,0.88723,0.647874571614365,0.7361032679608238,0.8590472990188953,1.0183827971367756,1.0420275981812634,1.0299639940354017,1.0912858047844798,1.1740028583282816,1.237920159619103,1002.2727978254178,1000.2045755726865,-1.2495215795754502
2021-01-13 14:24,229.0,0.88726,0.88857,0.88712,0.88857,-0.7543049212963675,-0.5741206824255094,-0.5797509484835683,-0.5200717410964381,-0.40898031273623664,-0.4004023373306354,-0.4193007869152854,-0.37145221356773683,-0.3016536948436847,1000.6779870696423,998.718796526473,1.4764556048958843
2021-01-13 14:39,298.0,0.88854,0.88875,0.88742,0.88762,0.5349957750310743,0.2102780935520348,0.3717116236471705,0.39198282986269656,0.4580490943506622,0.5663625837225448,0.585664746207972,0.5781583939574491,0.628449878156212,1001.6092911054078,999.6480036829024,-1.0354063970108625
2021-01-13 14:54,237.0,0.88766,0.8878,0.88724,0.88746,0.0901408451315165,0.4769030681650545,0.29292804319451643,0.4416125237365556,0.4769030681650545,0.5471586510331728,0.6533371113835414,0.6808630201469561,0.6826146432449066,1001.7211393740857,999.6445559811978,-0.22531149313924023
2021-01-13 15:09,198.0,0.88748,0.88784,0.88691,0.88692,0.3043779721490262,0.4659237021511165,0.814285256136727,0.7213381134193353,0.875306460085114,0.9305576127971537,1.0114172676342168,1.1218567904538213,1.1606485158082285,1002.4569537329917,999.8656909249249,-0.6310001352143203
2021-01-13 15:24,227.0,0.88695,0.88712,0.886,0.88608,0.47388553166572883,0.8347905047927922,1.0602899870998137,1.4097137232889354,1.3909306063057099,1.5626488300029295,1.6435339954454005,1.741490629527198,1.8626556564422203,1003.6454907452144,1000.0832922089206,-0.9808895653644932
2021-01-13 15:39,201.0,0.88612,0.88638,0.88556,0.88621,-0.07334873660091581,0.21813367920000326,0.5161101205866349,0.7309364658881581,1.0526198044887969,1.0665756845852443,1.2390623336497917,1.3306271697176735,1.4354234003046684,1003.3227688933672,999.550139333802,0.10156637927146944
2021-01-13 15:54,272.0,0.88618,0.888,0.88596,0.88769,-0.8339720088463708,-1.1609886614191907,-1.0876825265083372,-0.9219176990579326,-0.7813586269967384,-0.5279941656961353,-0.5267865439128515,-0.3818377961900465,-0.3042065022249625,1001.4825435595407,997.9091359682221,1.703942765578112
2021-01-13 16:09,134.0,0.88765,0.88796,0.88749,0.8879,-0.1182635532817611,-0.7135480539354168,-1.0479641721509312,-1.0592385741857728,-0.9652891076550789,-0.8724220242714718,-0.6689363809315578,-0.6784846768776929,-0.5565237911101258,1001.2076236327472,997.6796384463154,0.2816425392891032
2021-01-13 16:24,117.0,0.88793,0.88807,0.88769,0.88787,0.016894222457984727,-0.05631613627793928,-0.5097765965222811,-0.8112585091875401,-0.854468971385904,-0.7983762482205101,-0.7337661615176075,-0.5645562718994903,-0.5802081589069591,1001.0711887975194,997.7687314610764,-0.06757289425962518
2021-01-13 16:39,142.0,0.88783,0.88793,0.88732,0.88736,0.28732799251206087,0.3943506504368171,0.3887181645113941,0.05183781975738377,-0.1972336577177085,-0.23990564899584835,-0.19582470792796297,-0.14150337972517604,0.009015466031770085,1001.6585329747461,998.3594980385965,-0.5293806246691038
2021-01-13 16:54,72.0,0.8874,0.88772,0.88731,0.8875,-0.0788763500938547,0.08638124555835766,0.17744904371962705,0.18477166105902154,-0.08826680619803508,-0.3042716380321808,-0.347947850776918,-0.3142903856144286,-0.2693320412661921,1001.1224774881927,998.3389309625113,0.11268875366237208
2021-01-13 17:09,69.0,0.88752,0.88772,0.88746,0.88772,-0.12392062336646036,-0.21781010800155204,-0.1211040750185329,-0.05632565240741645,-0.05257051020884755,-0.2880988633576207,-0.4830955390717868,-0.5295864279225532,-0.5059180689671939,1000.9002986574138,998.0881211145861,0.22534703443300205
2021-01-13 17:24,224.0,0.88769,0.88844,0.88759,0.88759,0.07322932894244474,0.015021837996660408,-0.053517131832640404,0.02027942798518335,0.07510693353193018,0.0804714986489044,-0.12393877440424568,-0.2992319526930694,-0.3448132126922989,1001.0731099110221,998.2373825460804,-0.1126519393031227
2021-01-13 17:39,101.0,0.88762,0.88775,0.88732,0.88756,0.0169001230897389,0.07135413246666525,0.0366165723830564,-0.015773705909196953,0.04506636022295939,0.09334949252085567,0.09998824090274294,-0.0801229888307976,-0.23888562224996956,1001.1615277636057,998.360758053691,-0.06759649399512065
2021-01-13 17:54,76.0,0.8876,0.88766,0.88704,0.88722,0.19159139249767448,0.2667152529972336,0.3408945274364302,0.33582422058940986,0.30615302067500816,0.3670504639005858,0.41694604533442675,0.42946425933610227,0.272724918041392,1001.3157581609094,999.2297660608166,-0.42812077512385754
2021-01-13 18:09,125.0,0.88718,0.88718,0.88641,0.88648,0.417294023525606,0.6841205371406904,0.8259605784466549,0.9403572922856139,0.9752935814584209,0.9777084872234685,1.0513603117386001,1.1123973307095838,1.137562278492602,1002.0207770356344,1000.2556420601147,-0.7890168849612513
2021-01-13 18:24,84.0,0.88651,0.88717,0.88651,0.88714,-0.3720510767570483,-0.21795252479097627,-0.04508972856742993,0.06537649536905642,0.16343322521105383,0.19804865782167846,0.20428735835196127,0.272999932819092,0.33134713197598403,1001.22793072917,999.4348733378313,0.7106518820994906
2021-01-13 18:39,47.0,0.8871,0.8871,0.88675,0.88697,0.09582728548375817,-0.12026684220124188,-0.019730286977632457,0.11724624656272355,0.21418949087850292,0.3043608164587971,0.3409905950633965,0.351947960424421,0.4181905037015128,1001.2895706246981,999.5469852903832,-0.1465449216547892
2021-01-13 18:54,63.0,0.88701,0.88772,0.887,0.88768,-0.39999887857574146,-0.469498565386188,-0.6902390614077037,-0.6558566996692275,-0.5690605865022013,-0.5022375431537526,-0.4338089336898597,-0.40813823181706477,-0.40337983264756916,1000.4166930687601,998.7767099593577,0.7553466139052091
2021-01-13 19:09,71.0,0.88772,0.88786,0.88748,0.8877,-0.011265130478432712,-0.28166633991851014,-0.36899901690329884,-0.5701749103992084,-0.5652906091628572,-0.5070565476674308,-0.4591568777441343,-0.4056246675414449,-0.387593410356346,1000.4717161455438,998.7532472429876,-0.02252962645869078
2021-01-13 19:24,48.0,0.88766,0.88786,0.88754,0.8877,2.2204460492503128e-13,-0.007510072885770634,-0.211242316846235,-0.295188319897632,-0.4751231794558811,-0.48451524072150903,-0.4436604169242567,-0.4081290345313962,-0.3650547960745955,1000.5214630973949,998.7485605592452,0.045062298627898074
2021-01-13 19:39,32.0,0.88766,0.88778,0.88745,0.88778,-0.0450572226802668,-0.06007674806416309,-0.0732190178277536,-0.2410797681547349,-0.32107701899542973,-0.48447156930493873,-0.5027846912920481,-0.47445427695485626,-0.4484097864524395,1000.4507173343271,998.6526641340539,0.13518689588356916
2021-01-13 19:54,69.0,0.88781,0.888,0.88749,0.888,-0.1238815468756693,-0.19521424825726127,-0.23088250717082776,-0.2567897244168186,-0.4073652442381578,-0.48757058067120285,-0.6406894318836419,-0.667139404930663,-0.6499859698952217,1000.335675029965,998.3647754204849,0.21400975433935582
2021-01-13 20:09,50.0,0.88796,0.888,0.88772,0.88783,0.09573446645223423,0.04505265529780974,-0.002815858351076259,-0.03153806644969182,-0.054441333375962034,-0.18505898204333834,-0.25909216503821464,-0.39930528921650177,-0.4281014891215347,1000.5929305579031,998.5510497085886,-0.14640299112568525
2021-01-13 20:24,44.0,0.8878,0.88783,0.88765,0.88775,0.04505671514808887,0.12390108203967282,0.1013747543938089,0.06983704317196346,0.04881134977471669,0.030574420959628493,-0.08307864102238592,-0.1502037140697594,-0.27827019764976524,1000.7450379041809,998.6984991276403,-0.05631899076367931
2021-01-13 20:39,48.0,0.88779,0.8881,0.88769,0.88784,-0.05068609259142007,-0.03754500708216147,0.016894793306589998,-8.881784197001256e-13,-0.026281356945800912,-0.04505417765562089,-0.0619500176195312,-0.16395689347221676,-0.2264177732982726,1000.4661271452717,999.0810885692708,0.056319625136568886
2021-01-13 20:54,59.0,0.8878,0.88816,0.88775,0.88776,0.04505620762694967,0.026283034489878968,0.03942429269092131,0.08560505885978156,0.07509255160482009,0.054710845151947934,0.039424292690699275,0.025031477083350025,-0.06646161196674735,1000.5176749541424,999.3494062389719,-0.045055192610993465
2021-01-13 21:09,18.0,0.88773,0.88776,0.88766,0.88776,4.440892098500625e-13,0.03003769731178371,0.019712340629817415,0.03153955849303444,0.07133805794520846,0.06436538946559835,0.04787215319980669,0.03504389247832392,0.02252835757065043,1000.2227672999442,999.822289922728,0.03379405900439829
2021-01-13 21:24,17.0,0.88773,0.88782,0.8876,0.88782,-0.03379120415247208,-0.04505519261894313,-0.02815925749875053,-0.03829678431495647,-0.030036569526012653,0.0032181503686842666,-0.0028158900680169373,-0.01752122258175891,-0.029285644292258314,1000.157350059562,999.7840795094941,0.10138217701331992
2021-01-13 21:39,9.0,0.88785,0.88792,0.88774,0.88778,0.02252785005606269,0.007509339740980404,0.0,0.01351677093260846,0.005632010092252864,0.012873119318398726,0.042239302550595124,0.03754613481710406,0.024780607148444003,1000.1983496938909,999.8512121344896,-0.07884214675904093
2021-01-13 21:54,56.0,0.88781,0.88804,0.8875,0.88756,0.12392760390621456,0.1802532563121468,0.1915180060943786,0.19827679505361998,0.21780192878306145,0.21726552910411712,0.22812756654390035,0.2578522921203771,0.25685105258595353,1000.4884005574248,1000.025367525859,-0.28159178202540236
2021-01-13 22:09,10.0,0.88806,0.88808,0.88773,0.88773,-0.09575441815338966,-0.045059760515426525,-0.00844855044002661,-9.992007221626415e-13,0.005632327305387259,0.02252911888782763,0.022529118886717433,0.03254189769567878,0.05970105543069662,1000.294495228804,999.8249104463446,-0.3715965137490051
2021-01-13 22:24,5.0,0.88764,0.88772,0.88752,0.88752,0.11830019533387658,0.09389018985823024,0.14364841652316077,0.1825144411158334,0.19715921797269395,0.20761964156466506,0.22672974826607603,0.23032821872813164,0.24221872469151795,1000.4760557974155,1000.0084403266152,-0.13518994186833513
2021-01-13 22:39,4.0,0.88748,0.88753,0.88748,0.88753,-0.005633628253335194,0.07135654426985025,0.061967816189287,0.10590630456505469,0.14270799714725846,0.15933805533528272,0.1718104174851933,0.19152447910323392,0.19715699675447595,1000.455734083858,999.938618783087,0.056339297786986174
2021-01-13 22:54,28.0,0.8876,0.88814,0.8876,0.88788,-0.19711813353481966,-0.26658806857170086,-0.2421791630749763,-0.26583701644207935,-0.24030157963778803,-0.2156250963775574,-0.20556692190892425,-0.19774396726363436,-0.1824737361155442,1000.1011862222462,999.533899600162,0.3154574132492767
2021-01-13 23:09,133.0,0.88781,0.88796,0.8876,0.8876,0.15771626876063458,0.07886124368221596,0.03661492227480908,0.058583232142957735,0.04130904612329753,0.06437699168620127,0.08731029379807416,0.0976368136623075,0.10589795277613197,1000.3835587551588,999.8282483651658,-0.23653709690141303
2021-01-13 23:24,34.0,0.88756,0.88763,0.88742,0.88759,0.005633215693519991,0.11265828500906706,0.06759649402083573,0.03830524094941477,0.0582083653092929,0.04506483704252155,0.06618828033267891,0.08762420736955547,0.09801342566450333,1000.3789216859011,999.817114772373,0.033800531795004835
2021-01-13 23:39,15.0,0.88762,0.88762,0.88731,0.88734,0.14086054547642948,0.191565484992632,0.2957842317862537,0.2794479568895093,0.2666791883963454,0.2913581738133515,0.2859261667974725,0.30924111600751014,0.33239905093420186,1000.6848535401405,999.9800550631003,-0.31545030531077145
2021-01-13 23:54,33.0,0.88738,0.88738,0.88702,0.88715,0.10707875088822541,0.23668505782450158,0.30429907198185185,0.40796501533246154,0.41134524560546426,0.4121500606539983,0.4423301573646004,0.4445209733698144,0.4710607631515278,1000.9223692763791,1000.0199741830131,-0.2591899749824793
2021-01-14 00:09,49.0,0.88712,0.88726,0.88696,0.88704,0.062002046087812825,0.1540585989347399,0.2705261750569528,0.34265413007953127,0.4433240357982553,0.4588851104690095,0.4691472384170446,0.5034206411093843,0.5116836419086369,1001.0546472308488,999.9689819177798,-0.09017945711963318
2021-01-14 00:24,34.0,0.88707,0.8871,0.88671,0.88674,0.16914463598156562,0.26685960899918126,0.36926217046803705,0.48705911966247634,0.5674611901721657,0.6699671386940522,0.6975372989669376,0.7177281020567994,0.7575450492821707,1001.4978680065949,1000.0177961114102,-0.3720112279753035
2021-01-14 00:39,36.0,0.88678,0.88726,0.88678,0.88723,-0.2761784806879685,-0.25550942330025384,-0.21417259010903236,-0.1465341849976715,-0.05447815098799251,0.01288109940259334,0.10284290192251365,0.1289824103587158,0.14876659000303796,1000.8557366235871,999.4418186890148,0.5074539344594493
2021-01-14 00:54,32.0,0.88726,0.88734,0.88718,0.88728,-0.02817639550788218,-0.22167575690697686,-0.23388813772463798,-0.21641508497701026,-0.1690702829198247,-0.09499787872008644,-0.03803832150065412,0.041323944037720474,0.06536618023784928,1000.7636093573132,999.3671272759932,0.022541306944874082
2021-01-14 01:09,49.0,0.88724,0.88728,0.88694,0.88706,0.12399745257520461,0.14654079214567928,0.019727895949848317,0.01127313105494733,0.02630377478047656,0.067636880162435,0.13386022616960339,0.18661658549518198,0.2603768942053075,1000.9654641810832,999.555357409339,-0.20287633560262047
2021-01-14 01:24,53.0,0.88709,0.88709,0.88672,0.88694,0.06764603089534368,0.1728640954300955,0.21137865464292765,0.12401422797223577,0.1221353392599946,0.1385083936695218,0.17756107231493415,0.23924598797730412,0.2897183270486794,1000.8716101300402,999.7079104688729,-0.16909220034054548
2021-01-14 01:39,36.0,0.88692,0.88712,0.88692,0.88702,-0.045095828643157664,-0.01503171692347012,0.062003444029049594,0.09694914573862935,0.028183860231645437,0.027378618106606977,0.042275492479989386,0.07766027142354874,0.13414806697526935,1000.6388816415714,999.6294324888877,0.11274974067558402
2021-01-14 01:54,20.0,0.88704,0.88715,0.88698,0.88715,-0.07327101542778468,-0.12775807147813073,-0.12118188993785273,-0.06763459286646221,-0.0413317076260504,-0.10145360478957505,-0.1042719074114214,-0.09268560298683849,-0.06199820207211044,1000.3141931189099,999.5618143206435,0.12400793650787277
2021-01-14 02:09,27.0,0.88718,0.88742,0.88718,0.88726,-0.06199051547064057,-0.13149960287337506,-0.1888012675022234,-0.19612860237936214,-0.1596803390876242,-0.14169825380560663,-0.1972558894328974,-0.20289234376495902,-0.19500131659526904,1000.1578521610684,999.452183228783,0.09017335828138597
2021-01-14 02:24,133.0,0.8872,0.88844,0.88713,0.88844,-0.6643059654640423,-0.9271476611805142,-1.0952148095656953,-1.2140994687679092,-1.2708235125083056,-1.2759218575710383,-1.286789469331936,-1.3566043925037112,-1.3786456316628581,999.6049042149966,997.6397043123092,1.3976555455365407
2021-01-14 02:39,189.0,0.88847,0.88922,0.88807,0.8881,0.19140156669990496,-0.18768416563840587,-0.4082580810859668,-0.5699180305806524,-0.6927294661691593,-0.761143425379032,-0.7814672973479412,-0.8035355996837799,-0.8764114106939076,1000.2596945406315,997.9882505106011,-0.41644625029543086
2021-01-14 02:54,115.0,0.88814,0.88833,0.88756,0.8879,0.11261895388936916,0.27777048078946914,0.028155927528108173,-0.14642360374759245,-0.2872357521252666,-0.4007045372649476,-0.46891271549305047,-0.494422115121513,-0.5204642839044796,1000.5841251115903,998.3752171566828,-0.27022766680930704
2021-01-14 03:09,101.0,0.88786,0.88834,0.88776,0.88827,-0.2082916992026472,-0.2026616233381705,-0.10414042642283848,-0.31076461857259713,-0.46918664542127353,-0.6032804157856911,-0.7151283734910877,-0.7871074958213111,-0.8199066576677201,1000.402298528714,997.9585602191889,0.46178451557680433
2021-01-14 03:24,58.0,0.88824,0.8885,0.88811,0.8884,-0.07316791758887693,-0.23640795116322616,-0.2617406896474498,-0.2003802728958692,-0.3809069948120119,-0.5275720869453264,-0.6558881678424727,-0.7657140657444329,-0.8400645969905055,1000.4896705151956,997.8309058017785,0.18013149599200437
2021-01-14 03:39,75.0,0.88836,0.88864,0.88817,0.8883,0.05628570626016341,0.02626705717122364,-0.09287834210425014,-0.11933617577834767,-0.07317615473880597,-0.23000023423030183,-0.36311894233173597,-0.4829364632067795,-0.587812038694848,1000.7247620846568,998.0999592932553,-0.06754018641098204
2021-01-14 03:54,48.0,0.88826,0.8884,0.8882,0.88834,-0.0225141557760233,0.0075046059514072855,-0.01407128795979369,-0.11032420693254529,-0.13696895235515652,-0.10131769296961182,-0.2406462841968118,-0.36278978231489184,-0.4751562080958558,1000.7195435559453,998.3303697655301,0.09006372008192307
2021-01-14 04:09,55.0,0.88838,0.88845,0.88802,0.88803,0.1745284218338126,0.217686667175616,0.2674101623347929,0.26797305567330193,0.19892244154654018,0.18176626998969656,0.21674846425647673,0.09633845081416405,-0.012387045627950328,1000.974336107795,999.0008899543874,-0.3939755510029058
2021-01-14 04:24,54.0,0.88799,0.88813,0.88787,0.88794,0.05067781579729963,0.18392944668398825,0.2392893399568219,0.2950214587566126,0.307781237532707,0.2573845242468205,0.24773380003922088,0.282761910101196,0.1779241214623563,1000.9277437050768,999.4281361967184,-0.0563069403934667
2021-01-14 04:39,25.0,0.8879,0.88816,0.8879,0.88812,-0.10134279208027278,-0.10134279208105,-0.014074773643184194,0.029274894639534088,0.07693859459435476,0.09007386062713658,0.047852748656459825,0.04003382859008993,0.07205973755351315,1000.4826585900581,999.6614660777793,0.24777565041108002
2021-01-14 04:54,37.0,0.88808,0.88812,0.8877,0.88773,0.2196372614997046,0.22526835187502856,0.25342332812822627,0.34013567461254257,0.39043289742868487,0.44244335636966164,0.46315295362888326,0.43297086256909695,0.4313444442309221,1000.8945846254907,999.9682903477556,-0.39410863886132047
2021-01-14 05:09,56.0,0.88776,0.88791,0.88766,0.8878,-0.03942407065269634,0.09386057956360146,0.10981600199074094,0.13966134399335575,0.21774305654571627,0.26707725931627657,0.318151682200203,0.3416101885606808,0.3187146927984388,1000.8282130210775,999.8093179543672,0.04505722267283951
2021-01-14 05:24,60.0,0.88776,0.88796,0.88755,0.88779,0.005631946654688562,-0.018773384598167644,0.07884436689192774,0.09686506366216933,0.1257725864345191,0.1962948548095699,0.24355271734419598,0.29281917499020044,0.3175922480128762,1000.8519660588422,999.7833193126983,0.03379291700456711
2021-01-14 05:39,53.0,0.88775,0.88792,0.88756,0.88756,0.12956031191505693,0.1764983115191698,0.18025325631192482,0.2703677017181035,0.2966495520373084,0.32990314825715206,0.3984851983090912,0.44681830445488074,0.49674441944642184,1001.1078134044628,999.8859222303112,-0.214024218530018
2021-01-14 05:54,44.0,0.88753,0.88763,0.88729,0.8873,0.1465011581851767,0.281713949520368,0.35213003821710265,0.3786052049343059,0.46947916844261095,0.5054187759605678,0.5450447191299458,0.6146601004338795,0.6658438690091193,1001.3594461175908,999.9726850669017,-0.259146169707011
2021-01-14 06:09,56.0,0.88732,0.88758,0.88732,0.88735,-0.028174172737238233,0.06010224896898754,0.16902836899653745,0.2366317176410038,0.26855393259488947,0.3541219021164342,0.3929469593294351,0.4344078632285428,0.5024938899502078,1001.2087213118792,999.7965190104292,0.03380967407471317
2021-01-14 06:24,38.0,0.88732,0.88762,0.88732,0.8875,-0.0845106131743211,-0.13146404007937182,-0.08169347766675006,-9.992007221626415e-13,0.056336441241072795,0.08530823237733691,0.16195871496456754,0.1990412228449793,0.23884471376727248,1000.8361881337584,999.6415583451153,0.20285804444840413
2021-01-14 06:39,58.0,0.88754,0.88756,0.88722,0.88742,0.04507346976367005,0.0037562000774713014,-0.030989189001730186,0.006761149980529229,0.07512132096779031,0.12555675584324583,0.15352318124490077,0.22409524767666147,0.26027128075906203,1000.8346688980137,999.6859414105215,-0.1352051738513295
2021-01-14 06:54,31.0,0.88738,0.88768,0.88736,0.88762,-0.11266717003219454,-0.12017876605915724,-0.16618852295279438,-0.2050637225812679,-0.18215158630299438,-0.1287635163227688,-0.0873159500042809,-0.06384317115010484,-0.0011266088676609837,1000.5305035709824,999.4672432125515,0.2704591043296198
2021-01-14 07:09,134.0,0.88758,0.88832,0.88754,0.88772,-0.0563256524064172,-0.15020879050098804,-0.17461985021469043,-0.2230681797996813,-0.26475815623927257,-0.252685590459629,-0.21123755713369374,-0.17774951635163724,-0.1588464819685827,1000.2313191624309,999.4510131045009,0.15773226075386776
2021-01-14 07:24,100.0,0.88775,0.88804,0.8876,0.8877,0.011265003577030643,-0.022530387861681767,-0.09575765434904165,-0.12167012540387973,-0.16711245674572506,-0.20762064403148875,-0.20138334937660665,-0.16773839859260062,-0.13969658825055467,1000.2450708700932,999.4755554676339,-0.0563221627710442
2021-01-14 07:39,105.0,0.88766,0.88786,0.88732,0.88786,-0.09010835535778719,-0.1126367129295295,-0.15206255995677365,-0.2207798946082561,-0.2515728006757037,-0.29771028824981005,-0.3393565635055869,-0.33920007935392477,-0.31316145756590014,1000.0909528510102,999.28282229372,0.22531149313924023
2021-01-14 07:54,136.0,0.8879,0.88826,0.88742,0.88781,0.028158781740764124,-0.022527596306531984,-0.04223965938609999,-0.07659589810287079,-0.13705072494136827,-0.167359977217324,-0.2112161410784227,-0.25158697062463936,-0.25459137658533904,1000.1549432598897,999.3359387982085,-0.1013627660772998
2021-01-14 08:09,247.0,0.88784,0.88796,0.8867,0.88737,0.24789291153259566,0.3492859391584883,0.3549185837128902,0.36280423278846974,0.3492859391576004,0.3074424434828069,0.2873247550035657,0.2529002159367179,0.21972635706059573,1000.654486803623,999.7850141937064,-0.5293746621012462
2021-01-14 08:24,202.0,0.88734,0.88751,0.88692,0.88751,-0.0788754613210877,0.06009141408146099,0.14365003496207568,0.15773226107973223,0.17087549320754072,0.16416978411573246,0.13097586189866092,0.11517203835876115,0.08562917165777625,1000.4762358774251,999.6950297984548,0.19158383483219904
2021-01-14 08:39,201.0,0.88754,0.88765,0.88655,0.88665,0.4848539613403602,0.5938197818757417,0.772272633696911,0.8905974919147169,0.939425892024753,0.9775211199056981,0.9920076566810052,0.9782365093627098,0.9762334175913887,1001.7151969242133,1000.2382232528577,-1.0027717060638917
2021-01-14 08:54,136.0,0.88662,0.88698,0.88648,0.8867,-0.028194826250926126,0.28566273949344384,0.4030990762158136,0.5727467420924297,0.6952208545624561,0.7569352537599122,0.806035729037125,0.8317029596539552,0.8296996873091438,1001.7527393932311,999.9073485733868,0.09023031287370013
2021-01-14 09:09,149.0,0.88673,0.88708,0.88664,0.88694,-0.13530579129388362,-0.1992065571856602,0.011274656263697735,0.10597675060297576,0.2517703792291533,0.36394614643031514,0.4255301225395761,0.47593045300106596,0.504979924253485,1001.4870209785938,999.5231939175666,0.23682518917814044
2021-01-14 09:24,145.0,0.88698,0.88776,0.88698,0.88771,-0.43379427001397447,-0.6686099173294955,-0.800130768271203,-0.6851430165954926,-0.634793065637992,-0.5279822669097277,-0.44083793722956854,-0.39309849751732506,-0.352654801365414,1000.6410772639429,998.6537374841172,0.8230174299307859
2021-01-14 09:39,140.0,0.88768,0.88768,0.88678,0.88752,0.10703411300102376,-0.14648630097588222,-0.3408954878450566,-0.4688317160373765,-0.3925564585100223,-0.3606202707663288,-0.27467941915341326,-0.20158071904912273,-0.16113611134526148,1000.8086575119935,998.8690962287678,-0.18024513338145387
2021-01-14 09:54,162.0,0.88748,0.8876,0.88687,0.88726,0.14650776235622354,0.26670323038009003,0.1098828340166968,-0.03832095604584357,-0.14652923002609491,-0.08533858895336424,-0.0591726813995153,0.016279700278136015,0.08227238588380552,1001.0230911635365,999.1414603771625,-0.2478929102627642
2021-01-14 10:09,133.0,0.88722,0.88848,0.88715,0.88845,-0.6699300201857408,-0.7957092177868638,-0.8050963594681733,-0.9842199050619823,-1.148726391607497,-1.2742974988255074,-1.2473305789845566,-1.2438870943159002,-1.1915475872035315,999.9739159079069,997.6444081395925,1.3863528775275056
2021-01-14 10:24,147.0,0.88841,0.88917,0.88826,0.88862,-0.0956585104445022,-0.5740883690905366,-0.7401851926598046,-0.7970585809699698,-0.9795257402027759,-1.1485065049600442,-1.2823031975654788,-1.2787037539770099,-1.2915992118144022,1000.1228359126649,997.2956331742347,0.23637734829631865
2021-01-14 10:39,90.0,0.88866,0.88872,0.8881,0.88814,0.27019116188994274,0.29645585370284133,-0.025334164671037135,-0.15989748578508525,-0.21395312256160998,-0.3764593878564892,-0.532152286946436,-0.659522902279633,-0.6645304323521745,1000.8157539443243,997.8556266938642,-0.5851506762991076
2021-01-14 10:54,92.0,0.8881,0.88838,0.88803,0.88814,4.440892098500625e-13,0.18013555248990656,0.2223501291892199,-0.020267280391843574,-0.13324612925699425,-0.18338558801489818,-0.32939421324203194,-0.4730102686375306,-0.5935510349372848,1000.9383472971629,997.8749028661009,0.04503997297606126
2021-01-14 11:09,106.0,0.88816,0.88871,0.88813,0.88868,-0.3038675610996094,-0.4051772705967247,-0.3207517999453108,-0.3083699969186744,-0.5233849052594394,-0.6351723259120239,-0.6922771974164006,-0.8330425671157794,-0.9727013943428188,1000.5249467481152,997.5305963045031,0.5854800936769006
2021-01-14 11:24,116.0,0.88864,0.88908,0.88844,0.88905,-0.20810893734211722,-0.48002821087446684,-0.616015580202482,-0.5895669329231245,-0.603822854476553,-0.805356872062754,-0.9199438554696346,-0.9853067564172724,-1.1243031265327883,1000.3256475746292,997.4270097562305,0.46137918617215234
2021-01-14 11:39,92.0,0.88908,0.88922,0.88892,0.88896,0.05061966912730686,-0.07124683845162783,-0.284080123755913,-0.41180184137651965,-0.40692523544879355,-0.43077260052266736,-0.6160779660059202,-0.7277065188294737,-0.7956278029647366,1000.5038715371397,997.9055057126814,-0.13497098123904372
